a,b,c,d,e,f,g,h,i,j,k,l,m,n,o,p,q,r,s,t,u,v,w,x,y,z,line_length
7,0,1,3,7,0,1,4,5,0,0,0,2,4,3,4,0,2,5,4,1,1,3,0,0,0,57
5,1,2,0,7,3,1,2,5,0,0,4,0,5,2,0,0,3,4,6,2,1,2,0,1,0,56
9,1,4,5,18,4,1,7,5,1,1,1,4,6,8,2,0,10,9,10,2,0,3,0,0,0,111
6,1,0,3,6,1,0,3,2,1,1,2,3,6,4,0,0,2,3,5,0,0,2,0,1,0,52
5,0,0,6,9,0,0,3,2,0,2,4,3,2,2,1,0,1,3,4,2,0,2,0,1,0,52
6,0,3,3,5,1,2,3,3,0,1,2,2,4,4,0,0,3,3,3,1,1,1,0,2,0,53
29,4,2,17,41,7,9,26,18,0,4,16,7,22,24,5,0,11,18,31,9,5,7,1,7,1,321
25,4,9,24,47,10,9,24,25,2,3,23,14,28,33,8,0,22,19,33,7,1,14,0,5,0,389
6,1,1,2,7,2,3,4,4,0,0,2,1,7,3,2,0,5,0,5,0,0,2,0,0,0,57
19,4,6,10,30,5,3,14,11,1,1,13,3,14,19,4,1,14,14,24,8,1,9,1,3,1,233
5,0,1,0,11,0,0,3,1,0,0,3,3,4,3,2,0,3,4,5,0,1,3,1,0,0,53
16,4,4,7,19,1,2,11,5,1,1,7,4,8,7,2,0,7,5,13,0,2,4,0,2,0,132
10,1,1,5,7,0,1,5,1,0,0,1,2,1,3,0,0,5,2,5,2,1,0,0,2,0,55
11,3,3,6,16,4,3,10,14,0,1,9,7,9,16,1,0,7,11,19,5,1,2,0,6,0,164
16,0,2,5,7,2,2,10,13,0,1,6,5,5,5,0,1,2,5,7,3,3,1,0,4,0,105
0,0,0,0,0,0,0,0,0,0,0,0,0,0,0,0,0,0,0,0,0,0,0,0,0,0,0
8,0,0,2,6,2,0,3,3,0,0,4,1,7,3,0,0,3,4,5,2,0,2,0,1,0,56
3,1,0,0,1,0,1,3,7,0,1,1,0,1,4,1,0,0,4,7,2,1,1,0,1,0,40
44,6,7,14,56,15,6,24,30,1,3,22,10,32,37,5,0,32,34,36,18,4,10,0,5,0,451
26,6,8,16,28,16,5,13,27,0,0,14,8,26,39,7,0,19,28,31,13,0,6,0,3,1,340
7,0,1,3,4,2,2,3,5,0,0,3,2,6,4,1,0,2,1,5,0,1,1,0,1,0,54
2,1,1,2,4,0,2,3,6,0,0,1,2,7,5,0,0,1,2,4,2,0,2,0,2,0,49
10,6,4,5,19,3,2,6,10,0,0,9,8,10,15,3,0,12,13,8,9,0,3,0,2,0,157
8,1,2,3,18,3,1,6,3,0,1,3,5,8,10,0,0,9,5,4,2,4,2,0,2,0,100
17,4,7,5,35,5,8,23,15,0,5,13,12,15,23,5,0,14,18,31,10,4,4,0,3,0,276
6,3,1,2,14,3,1,7,9,0,1,5,2,7,12,0,0,7,11,12,5,0,3,0,2,0,113
6,0,0,2,3,2,3,3,4,0,1,4,2,5,5,0,0,2,5,3,3,2,0,0,3,0,58
19,2,5,11,28,3,6,22,10,0,2,5,4,15,16,4,0,9,15,16,6,6,5,0,7,0,216
0,0,0,0,0,0,0,0,0,0,0,0,0,0,0,0,0,0,0,0,0,0,0,0,0,0,0
4,1,0,2,5,1,2,1,3,1,1,2,3,8,7,0,0,3,2,3,1,0,0,0,2,0,52
11,2,2,5,15,3,1,7,0,0,0,7,0,2,15,3,0,9,7,4,7,2,3,0,4,0,109
9,2,2,3,17,5,1,5,6,0,0,6,2,10,10,1,0,11,3,6,7,3,2,1,4,0,116
4,0,0,1,0,0,0,0,1,0,0,2,0,2,1,0,0,1,2,2,0,0,0,0,0,0,16
6,1,1,3,12,0,0,3,3,0,0,5,1,3,3,0,0,4,2,4,0,2,2,0,0,0,55
16,2,5,8,27,11,4,10,14,0,3,13,6,19,21,4,0,16,10,12,12,4,3,0,7,0,227
6,1,2,0,5,0,0,4,3,0,1,4,1,1,6,0,0,6,2,7,2,1,2,0,2,0,56
1,0,2,1,12,0,1,5,1,0,0,0,2,4,4,2,0,2,7,3,1,2,1,0,1,0,52
6,2,2,2,17,2,2,7,2,1,2,6,1,3,13,1,0,8,8,11,4,2,3,1,5,0,111
7,2,3,10,13,3,2,10,6,1,2,5,1,13,18,1,0,10,10,13,5,0,5,1,3,0,144
20,5,8,12,26,10,6,18,12,0,1,12,10,18,28,2,0,20,14,23,11,3,8,0,8,0,275
11,6,3,4,23,1,1,7,13,1,3,10,4,11,14,0,0,11,10,15,5,0,7,0,4,0,164
3,0,1,3,7,1,1,5,2,0,0,0,2,3,7,0,0,6,3,6,3,0,0,1,2,0,56
10,1,3,1,13,4,4,6,9,0,0,7,3,7,15,1,0,8,13,13,7,3,1,0,3,0,132
3,1,1,2,8,1,0,0,1,0,0,2,4,4,5,0,0,7,3,3,3,1,0,0,1,0,50
6,0,0,1,8,0,1,3,1,0,0,4,3,5,2,0,0,3,3,8,4,1,1,0,4,0,58
8,0,1,1,18,3,0,9,9,0,0,4,4,8,10,4,0,8,12,16,0,2,0,0,2,0,119
5,1,3,1,11,2,1,2,3,0,0,3,3,4,1,2,0,4,3,6,3,0,0,1,1,0,60
0,0,0,0,0,0,0,0,0,0,0,0,0,0,0,0,0,0,0,0,0,0,0,0,0,0,0
7,0,2,1,11,1,2,2,4,0,0,6,4,4,1,2,0,5,4,3,1,0,0,0,0,0,60
1,0,1,1,1,0,0,0,0,0,0,0,1,0,1,0,0,1,1,0,0,0,0,0,0,0,8
6,0,0,1,6,0,0,3,2,1,0,1,4,2,4,1,0,5,4,5,2,0,3,0,0,0,50
17,1,3,11,23,6,7,18,18,1,1,8,3,11,14,2,1,18,19,25,5,2,3,0,3,0,220
4,1,1,4,8,0,0,4,4,0,0,2,2,1,2,1,0,2,5,7,1,0,1,0,0,0,50
6,2,2,2,5,1,0,2,2,0,0,0,0,2,3,0,0,9,6,4,4,0,0,0,1,0,51
0,0,0,0,11,0,1,3,6,0,0,1,2,3,6,3,1,1,5,11,3,1,0,0,0,0,58
3,0,1,1,2,0,0,0,0,0,0,0,1,0,1,0,0,3,2,1,0,0,0,0,0,0,15
7,1,1,2,8,0,2,2,2,0,1,1,1,5,3,0,0,2,2,5,0,2,3,0,1,0,51
10,0,3,8,18,2,1,7,4,1,0,1,2,5,10,0,0,11,9,14,1,3,5,0,2,0,117
1,1,1,2,2,0,0,1,2,1,0,0,1,2,3,0,0,1,2,2,1,0,0,0,0,0,23
5,1,0,1,10,1,0,1,3,0,0,4,4,0,4,1,0,6,2,5,2,1,1,0,5,0,57
7,0,0,2,5,0,2,2,3,0,0,3,2,5,4,1,0,2,6,4,1,1,4,0,2,0,56
9,1,1,2,12,3,6,4,7,0,0,2,6,10,8,1,0,6,8,8,3,1,3,0,1,0,102
2,1,1,3,9,0,0,5,3,0,0,1,3,4,5,1,1,2,2,2,2,2,1,0,1,0,51
5,1,1,1,9,0,0,1,5,0,0,3,2,4,4,1,0,4,4,1,2,3,1,0,0,0,52
27,4,6,4,26,1,3,8,13,0,5,21,10,18,23,1,1,20,11,12,4,6,3,0,3,0,230
39,6,9,22,43,9,11,28,29,0,3,15,21,35,35,2,0,18,25,44,9,2,15,0,12,0,432
6,2,3,1,4,1,3,3,4,0,1,2,2,4,4,0,0,3,3,2,1,0,3,0,1,0,53
0,0,0,0,0,0,0,0,0,0,0,0,0,0,0,0,0,0,0,0,0,0,0,0,0,0,0
4,1,0,1,6,1,3,2,4,0,0,3,2,6,7,0,0,3,4,5,1,1,1,0,2,0,57
10,3,4,5,14,2,3,5,8,0,0,5,3,8,10,0,0,5,9,10,6,3,2,0,4,0,119
20,3,6,8,18,0,6,11,10,1,0,6,3,14,9,0,0,9,12,11,4,1,5,0,0,0,157
4,2,0,2,4,2,1,0,1,0,0,2,0,3,2,0,0,1,4,2,0,0,0,0,0,0,30
3,1,1,2,4,1,0,0,1,0,0,2,1,2,1,0,0,1,2,1,0,1,0,0,1,0,25
1,0,0,1,2,1,1,1,2,1,1,1,1,2,2,0,0,1,1,2,1,0,0,0,2,0,24
0,0,0,1,4,2,1,1,1,0,0,1,1,1,2,0,0,1,0,3,2,0,0,0,0,0,21
2,0,1,1,2,0,1,1,2,0,0,1,1,2,4,0,0,1,2,2,0,0,0,0,1,0,24
3,1,0,0,2,0,0,2,0,0,0,2,1,3,2,0,0,3,1,3,0,0,1,0,1,0,25
5,3,0,4,6,4,1,2,2,0,0,6,0,4,3,0,0,2,4,4,2,0,0,0,1,0,53
2,0,0,0,1,1,1,2,2,0,0,2,1,3,3,0,0,3,5,0,1,1,0,0,0,0,28
3,1,1,1,2,1,0,2,0,0,1,0,1,2,2,0,0,3,2,1,1,0,0,0,0,0,24
2,1,0,1,2,1,0,1,1,0,0,2,0,1,1,1,0,4,3,2,2,1,0,0,0,0,26
2,0,3,0,2,0,0,2,1,0,1,3,1,1,2,1,0,3,2,0,1,0,1,0,0,0,26
2,0,3,1,3,0,0,2,3,0,0,0,2,3,1,1,0,3,1,2,1,0,0,0,0,0,28
6,1,0,2,2,0,0,2,0,0,0,1,0,2,1,0,0,1,1,2,0,0,1,0,2,0,24
3,1,1,1,4,0,1,0,0,0,0,3,1,3,1,0,0,2,2,0,1,1,1,0,0,1,27
3,1,0,1,1,0,0,2,0,0,0,2,0,1,2,1,0,1,2,2,2,0,0,0,1,0,22
1,1,0,2,4,2,2,3,4,0,0,4,0,3,1,0,0,1,2,2,0,0,1,0,0,0,33
2,1,0,0,3,0,0,1,1,0,0,2,0,0,0,1,0,3,3,2,1,0,1,0,0,0,21
1,2,0,0,7,0,0,1,1,0,0,3,0,0,1,0,0,2,4,3,0,0,2,0,1,1,29
0,0,0,0,0,0,0,0,0,0,0,0,0,0,0,0,0,0,0,0,0,0,0,0,0,0,0
2,0,0,1,4,1,0,2,0,0,0,0,0,1,1,0,0,1,3,4,1,0,0,0,1,0,22
4,1,0,1,1,1,0,1,0,0,0,3,1,0,2,0,0,2,1,3,2,0,1,0,1,0,25
1,2,0,1,5,1,1,2,2,0,1,0,0,0,2,0,0,2,0,2,1,0,1,0,0,0,24
2,0,1,2,5,0,1,1,0,0,1,0,0,2,2,0,0,2,5,1,1,0,1,0,1,0,28
2,0,0,1,3,2,0,0,1,0,1,3,2,0,3,0,0,2,3,2,1,0,0,0,0,0,26
4,2,0,2,4,2,1,0,1,0,0,2,0,3,2,0,0,1,4,2,0,0,0,0,0,0,30
3,1,1,2,4,1,0,0,1,0,0,2,1,2,1,0,0,1,2,1,0,1,0,0,1,0,25
3,0,0,3,4,0,1,1,2,0,1,2,1,3,0,1,0,2,2,1,0,0,1,0,1,0,29
0,0,0,1,4,2,1,1,1,0,0,1,1,1,2,0,0,1,0,3,2,0,0,0,0,0,21
2,0,1,1,8,1,3,5,7,0,0,2,2,6,3,0,0,1,5,9,0,0,2,1,0,0,59
18,3,4,15,35,7,6,20,10,1,1,4,5,16,11,4,0,10,15,21,6,3,4,0,4,0,223
5,2,0,0,7,4,0,2,4,0,0,2,2,2,4,1,0,6,4,7,2,0,2,0,1,0,57
1,0,1,5,7,0,2,3,5,0,0,2,1,7,5,0,0,1,4,5,2,0,3,0,0,0,54
8,2,5,10,27,2,9,20,21,0,2,4,2,15,7,2,1,6,12,26,6,2,3,0,3,0,195
28,7,5,16,55,9,6,27,18,2,4,17,11,27,27,9,0,25,23,32,11,2,11,1,6,1,380
0,0,0,0,0,0,0,0,0,0,0,0,0,0,0,0,0,0,0,0,0,0,0,0,0,0,0
0,0,0,0,0,0,0,0,0,0,0,0,0,0,0,0,0,0,0,0,0,0,0,0,0,0,0
1,0,1,0,1,0,0,1,0,0,0,0,0,0,0,1,0,1,0,1,0,0,0,0,0,0,7
0,0,0,0,0,0,0,0,0,0,0,0,0,0,0,0,0,0,0,0,0,0,0,0,0,0,0
4,1,1,4,8,1,1,4,5,1,0,5,1,2,3,2,0,3,5,3,1,0,1,0,2,0,58
2,1,1,2,3,2,0,3,1,0,0,0,0,0,4,0,0,3,0,4,1,0,0,0,0,0,27
4,0,2,1,7,0,1,7,3,0,0,1,3,4,1,0,0,5,4,6,2,0,2,1,1,0,55
12,2,6,7,25,2,2,9,10,2,3,11,6,13,16,4,0,8,5,16,2,2,4,0,5,0,172
12,2,2,3,19,5,6,13,15,0,2,10,1,11,11,4,0,13,5,22,5,0,8,0,5,0,174
4,1,2,1,12,1,3,3,4,0,0,2,3,6,3,1,0,3,4,5,0,1,0,0,0,0,59
5,2,0,2,4,0,2,1,1,0,0,3,3,6,7,2,0,3,3,1,1,0,4,0,1,0,51
36,8,9,7,49,8,9,21,20,1,8,15,11,27,30,10,2,29,21,27,9,6,12,0,3,0,378
5,2,1,1,7,0,1,2,7,0,1,6,3,6,2,0,0,2,4,3,0,2,2,0,1,0,58
15,1,4,8,17,5,4,14,17,0,4,6,3,9,11,4,1,8,14,12,6,2,8,0,2,0,175
16,2,4,4,29,3,5,14,8,2,1,7,8,9,10,2,0,8,13,18,1,2,3,0,3,0,172
12,1,2,8,19,5,2,12,10,1,1,6,8,10,13,5,0,6,8,20,4,0,2,1,7,0,163
15,0,3,8,26,4,1,11,4,1,2,3,5,5,9,2,1,13,18,10,6,1,6,0,2,0,156
5,1,1,2,11,2,0,4,4,0,1,2,1,4,3,2,0,3,2,4,0,0,4,0,2,0,58
0,0,0,0,0,0,0,0,0,0,0,0,0,0,0,0,0,0,0,0,0,0,0,0,0,0,0
4,0,1,3,5,3,3,3,6,0,2,1,2,4,4,1,0,4,2,6,1,0,1,0,1,0,57
13,4,1,3,23,4,1,10,14,0,2,13,4,6,9,2,2,11,17,20,4,1,6,0,3,0,173
14,2,0,5,9,3,3,5,6,0,1,7,4,10,11,0,0,4,9,5,5,2,4,0,5,0,114
6,3,0,3,6,0,0,1,5,0,1,8,3,4,4,0,0,2,4,2,0,0,2,0,1,0,55
12,7,2,7,12,1,1,6,5,0,0,4,2,8,14,0,0,10,9,13,3,2,2,0,4,0,124
1,1,2,5,6,0,1,1,3,0,0,2,1,4,4,0,0,2,2,2,2,2,0,0,1,0,42
20,4,5,4,26,0,3,8,4,1,2,8,5,7,10,5,0,10,15,15,5,3,5,0,2,0,167
10,0,5,5,14,2,1,6,9,0,0,5,4,9,7,1,0,4,8,11,6,0,5,1,4,0,117
5,1,3,5,6,0,1,2,4,0,1,3,1,4,3,0,0,1,7,5,2,0,0,0,3,0,57
13,0,2,7,16,0,3,4,4,0,2,5,2,11,5,1,0,5,10,5,5,2,4,0,3,0,109
17,3,4,11,20,1,3,10,6,0,1,5,6,9,10,3,0,7,11,13,7,2,2,0,2,0,153
3,1,3,2,8,2,0,4,4,0,0,3,1,1,5,1,0,6,5,6,1,1,2,1,0,0,60
3,0,1,2,6,3,3,5,6,0,1,2,1,5,3,0,0,2,3,8,2,1,1,0,2,0,60
21,6,7,11,40,3,10,19,18,0,0,7,5,22,8,4,0,11,16,30,3,2,5,0,6,0,254
5,1,2,3,9,0,0,3,4,0,0,3,2,4,4,0,0,5,2,4,3,1,2,0,0,0,57
24,4,4,9,24,4,2,12,7,1,0,9,6,12,8,3,0,8,9,10,4,1,1,1,5,0,168
0,0,0,0,0,0,0,0,0,0,0,0,0,0,0,0,0,0,0,0,0,0,0,0,0,0,0
6,0,0,5,3,2,2,4,3,0,2,1,2,5,7,0,0,4,2,3,0,0,2,0,1,0,54
11,2,5,12,25,3,4,9,17,0,3,6,3,17,10,2,0,10,14,8,3,0,5,0,1,0,170
1,1,1,5,12,3,4,3,3,0,0,4,0,4,3,0,0,2,3,4,2,0,3,0,0,0,58
3,0,0,3,5,1,0,1,1,0,0,1,1,3,0,0,0,2,1,1,1,0,1,0,0,0,25
6,0,2,3,5,1,1,2,2,1,0,1,5,4,3,0,0,3,4,4,3,0,1,0,2,0,53
10,1,3,10,8,0,2,5,8,1,2,5,3,11,9,0,0,4,5,10,3,1,4,0,3,0,108
7,3,1,5,14,1,4,10,8,1,1,3,5,12,8,0,0,5,3,11,2,0,3,0,1,0,108
4,1,1,2,7,1,2,3,4,0,1,2,3,3,6,1,0,2,2,6,0,0,3,0,1,0,55
3,0,2,1,10,2,1,6,2,0,0,1,1,4,4,0,0,2,3,5,0,2,3,0,0,0,52
7,1,2,6,14,3,1,9,5,0,1,8,1,9,12,0,0,7,7,12,2,0,3,0,1,0,111
5,2,0,0,7,1,1,5,3,1,0,3,4,4,2,1,0,2,6,8,1,1,1,0,0,0,58
13,3,4,10,28,4,5,23,15,1,2,8,6,23,15,3,0,10,13,18,7,1,6,1,2,0,221
1,0,0,4,8,1,0,3,2,1,0,2,3,7,5,1,0,3,6,4,3,1,0,0,1,0,56
30,4,6,17,53,12,9,27,28,1,5,18,13,25,26,3,1,23,23,49,15,5,8,0,6,0,407
0,0,0,0,1,0,0,2,2,0,0,0,2,1,0,1,0,1,0,2,1,0,0,0,0,0,13
9,2,1,6,10,4,3,4,6,1,1,4,2,8,13,6,0,5,10,6,4,0,6,0,1,0,112
19,3,3,11,21,6,3,14,7,1,1,6,8,12,10,4,0,10,9,10,2,1,2,0,3,0,166
6,2,0,2,8,1,1,5,2,0,1,3,1,5,4,2,0,2,3,4,0,0,3,0,1,0,56
6,1,3,3,10,2,1,4,2,1,0,4,2,4,3,1,0,6,7,3,3,0,2,1,1,0,70
0,0,0,0,0,0,0,0,0,0,0,0,0,0,0,0,0,0,0,0,0,0,0,0,0,0,0
3,1,1,3,8,3,1,4,6,0,0,4,2,3,4,0,0,4,3,5,2,1,1,0,1,0,60
5,2,1,3,4,2,2,3,5,0,0,2,0,4,6,1,0,6,3,7,3,0,1,0,1,0,61
15,3,3,4,20,4,5,15,9,1,2,2,5,11,12,2,1,9,10,20,7,0,3,0,2,0,165
2,3,0,2,9,1,2,4,2,0,1,1,0,5,5,1,0,2,6,6,0,0,1,0,0,0,53
10,6,4,6,26,2,5,16,10,1,2,9,2,13,7,1,0,12,13,15,4,1,7,0,0,0,172
18,5,4,7,23,2,3,20,14,1,1,10,4,14,11,4,0,10,16,15,4,0,12,0,5,0,203
10,4,3,6,9,1,2,8,6,0,2,6,3,6,7,0,0,4,8,2,3,0,1,0,0,0,91
6,1,2,3,17,5,1,14,8,0,1,4,3,5,7,1,0,7,7,12,3,0,5,1,0,0,113
0,0,0,0,2,0,0,1,0,0,0,0,0,0,0,0,0,1,1,2,0,0,0,0,0,0,7
5,0,0,5,10,0,1,5,6,0,0,4,2,4,1,0,0,4,2,7,0,2,1,0,3,0,62
3,1,1,3,9,1,0,5,0,1,1,2,3,5,6,1,0,2,3,6,0,0,0,0,0,0,53
11,4,3,11,21,6,5,8,7,0,0,4,2,16,15,1,0,9,11,20,4,3,3,0,4,0,168
1,1,0,1,6,1,0,2,0,0,0,1,0,1,1,1,0,2,1,2,0,1,0,0,1,0,23
5,2,0,4,7,0,2,2,2,0,1,3,2,4,3,0,0,3,4,4,5,0,2,0,2,0,57
7,0,1,3,8,0,2,7,2,0,0,2,0,3,3,3,0,3,1,10,2,0,0,0,1,0,58
12,0,1,7,12,4,1,7,4,0,1,5,5,6,10,2,0,5,5,14,3,1,4,0,1,1,111
3,0,1,0,8,0,3,7,6,0,0,2,2,4,1,0,0,4,3,9,0,1,1,0,3,0,58
4,1,2,3,7,1,2,6,2,0,0,3,1,2,5,0,0,2,5,8,3,0,1,0,2,0,60
20,1,10,18,50,10,4,31,16,0,3,14,8,19,20,9,0,17,21,33,11,3,5,1,9,0,333
0,0,0,0,0,0,0,0,0,0,0,0,0,0,0,0,0,0,0,0,0,0,0,0,0,0,0
4,2,1,3,10,1,1,5,3,0,0,3,0,4,3,0,0,2,3,6,1,2,2,0,2,0,58
1,0,0,0,1,0,0,1,1,0,0,2,0,1,1,0,0,1,0,1,0,0,1,0,0,0,11
4,2,2,5,8,2,1,4,6,0,1,4,1,5,2,0,0,1,3,6,2,0,0,0,1,0,60
27,8,1,15,42,11,8,23,24,0,3,11,8,21,30,5,0,22,14,37,9,3,11,1,4,1,339
5,1,0,0,10,2,2,6,2,0,1,3,1,1,4,0,0,5,11,6,1,0,0,0,0,0,61
4,0,2,1,6,1,2,4,4,0,0,1,1,2,6,2,1,6,0,5,1,2,1,0,0,0,52
6,2,4,5,15,1,4,8,8,0,1,4,4,7,8,1,0,4,9,10,2,1,4,0,1,0,109
9,7,1,7,15,2,3,6,9,1,1,3,4,10,7,1,0,7,9,6,1,0,1,0,0,0,110
5,0,0,3,7,2,2,5,5,0,0,4,2,6,3,0,0,5,5,2,1,1,0,0,1,0,59
16,4,5,6,28,4,3,18,14,0,4,6,4,16,19,3,0,16,17,17,9,1,7,1,3,0,221
9,1,0,3,17,1,1,7,2,0,0,5,5,3,5,2,0,7,7,9,5,3,1,0,0,0,93
12,2,1,4,9,1,2,6,3,0,1,6,2,8,4,1,0,3,3,7,0,0,1,0,0,0,76
9,1,1,4,3,1,1,2,4,0,0,4,1,3,3,1,0,1,6,2,0,1,2,1,1,0,52
5,3,0,1,10,1,1,5,2,0,0,0,1,2,3,0,0,5,3,8,2,1,1,0,2,0,56
2,1,0,2,3,1,0,1,1,0,0,0,1,1,1,0,0,1,2,7,1,0,0,0,0,0,25
5,0,0,3,8,0,3,8,2,0,0,1,1,3,2,2,0,3,3,10,2,1,1,0,1,0,59
4,1,1,4,6,1,1,4,3,0,1,4,2,3,5,1,0,3,3,3,0,1,2,0,0,0,53
15,6,3,10,20,3,3,14,7,1,1,5,2,17,15,4,0,8,5,16,1,2,5,0,1,0,164
22,7,2,4,19,10,2,11,11,0,3,7,8,14,19,4,0,14,13,26,3,0,11,0,1,0,211
0,0,0,0,0,0,0,0,0,0,0,0,0,0,0,0,0,0,0,0,0,0,0,0,0,0,0
5,3,1,2,6,2,1,2,2,0,1,4,1,7,5,1,0,3,3,4,1,0,3,0,0,0,57
13,4,6,10,25,3,4,14,13,0,0,6,3,10,6,5,0,6,12,18,4,1,2,1,3,0,169
2,2,3,4,8,0,0,1,2,0,0,1,6,7,4,0,0,1,5,3,1,1,2,0,0,0,53
8,2,1,1,5,1,0,5,2,0,0,9,2,4,3,0,0,2,1,4,2,0,4,0,2,0,58
15,4,3,6,16,9,3,6,14,0,1,12,7,10,13,3,1,10,9,12,5,2,6,0,2,0,169
10,1,2,5,14,0,1,7,4,0,0,4,3,6,4,1,0,10,4,17,2,0,5,0,4,0,104
1,0,1,1,4,0,0,1,0,0,0,0,3,3,1,0,0,0,2,2,0,1,0,0,0,0,20
2,0,0,0,6,0,2,1,1,0,0,1,1,3,3,1,0,1,3,2,1,1,2,0,1,0,32
3,0,0,1,5,2,3,2,3,0,0,1,0,3,4,1,0,4,5,1,2,1,2,0,0,0,43
4,0,1,0,2,0,0,2,1,0,0,4,1,2,2,0,0,1,2,1,0,0,1,0,0,0,24
4,1,0,1,3,0,0,1,2,0,0,4,1,3,1,1,0,0,2,0,0,0,0,0,0,0,24
4,0,1,1,0,0,0,2,2,0,1,5,1,3,3,0,0,1,1,0,0,0,0,0,0,0,25
6,0,0,0,1,0,0,2,3,0,1,6,2,4,2,0,0,1,1,1,0,0,0,0,1,0,31
5,0,0,0,2,0,0,0,1,0,0,4,1,1,0,0,1,1,1,0,1,0,0,0,0,0,18
20,2,5,11,33,6,4,12,10,0,0,13,3,19,14,3,0,16,11,25,3,2,10,1,4,0,227
4,2,2,1,6,0,1,2,0,0,0,1,3,5,3,0,0,2,1,4,0,0,0,0,1,0,38
3,2,2,3,3,0,1,3,3,0,0,2,1,5,6,1,0,4,3,4,1,0,4,0,0,0,51
6,0,2,4,10,2,1,7,6,1,2,4,3,7,9,1,1,3,4,9,4,1,0,0,2,0,89
6,2,1,5,16,2,1,7,4,0,1,3,6,6,9,2,0,3,7,13,4,0,4,0,3,0,105
6,2,4,5,13,5,3,7,7,0,2,7,2,4,6,1,0,10,11,13,8,0,2,0,2,0,120
3,2,1,2,10,2,1,2,3,0,2,2,0,2,5,1,0,4,5,9,1,1,2,0,0,0,60
0,0,0,0,0,0,0,0,0,0,0,0,0,0,0,0,0,0,0,0,0,0,0,0,0,0,0
5,0,2,1,3,2,1,5,5,0,2,3,4,3,4,0,0,2,1,4,0,0,2,0,2,0,51
1,1,1,1,4,0,0,0,2,0,0,1,0,2,1,0,0,2,2,2,0,0,0,0,0,0,20
5,0,0,1,3,0,2,3,4,0,1,3,2,3,5,2,0,0,3,5,0,0,1,0,0,0,43
2,0,0,2,7,2,0,2,5,1,0,0,5,3,8,0,0,1,7,4,2,0,0,1,0,0,52
0,0,0,0,1,0,0,1,0,0,0,0,0,1,0,0,0,0,1,0,0,0,0,0,0,0,4
17,3,6,9,22,6,2,10,16,0,2,15,9,13,14,3,0,11,10,17,2,2,8,0,2,0,199
10,2,3,6,15,1,2,11,8,0,2,3,3,9,7,1,0,2,4,14,0,2,3,0,2,0,110
2,0,0,2,2,0,0,0,1,0,0,0,0,0,0,2,0,1,1,0,0,0,0,0,0,0,11
0,0,0,0,0,0,0,0,0,0,0,0,0,0,0,0,0,0,0,0,0,0,0,0,0,0,0
0,0,0,0,0,0,0,0,0,0,0,0,0,0,0,0,0,0,0,0,0,0,0,0,0,0,0
1,0,1,0,1,0,0,1,0,0,0,0,0,0,0,1,0,1,0,1,0,0,0,0,0,0,7
0,0,0,0,0,0,0,0,0,0,0,0,0,0,0,0,0,0,0,0,0,0,0,0,0,0,0
3,1,0,3,10,2,1,5,3,0,0,1,0,2,4,0,0,3,2,9,1,0,3,0,2,0,55
6,1,2,4,10,1,2,6,1,0,0,0,0,3,2,1,0,5,5,4,1,2,2,0,1,0,59
27,5,6,15,32,9,6,18,18,0,4,11,7,23,18,2,0,13,18,25,6,5,8,0,7,0,283
5,2,0,4,6,2,2,2,3,1,1,0,1,8,5,0,0,4,5,5,2,0,1,0,0,0,59
4,1,2,7,7,0,1,3,4,0,1,2,1,4,3,1,0,3,2,5,2,1,1,0,1,0,56
4,0,0,2,8,0,1,5,5,0,1,2,0,2,3,2,0,6,5,8,3,1,3,0,0,0,61
5,2,2,6,22,0,0,9,3,0,1,5,2,5,9,1,0,11,11,9,4,2,2,1,1,0,113
28,4,8,20,27,4,9,16,19,0,4,10,6,25,16,4,0,14,12,21,9,2,6,0,8,0,272
3,1,0,3,10,1,0,6,6,0,1,1,1,4,1,0,0,2,6,7,0,1,1,0,2,0,57
6,0,0,2,6,0,0,4,3,1,1,2,2,5,3,0,0,2,4,5,2,1,1,0,1,0,51
22,1,2,7,23,3,4,18,4,0,2,5,5,10,6,2,0,10,14,19,5,4,4,0,2,0,172
14,2,5,3,21,5,1,11,8,0,4,9,5,6,14,5,0,10,9,17,7,4,7,0,4,0,171
17,3,5,10,46,6,6,20,16,0,0,9,10,16,20,3,0,20,16,29,7,4,8,1,7,0,279
7,1,3,3,6,2,0,5,3,0,0,2,0,5,4,0,0,2,1,9,1,0,2,0,3,0,59
0,0,0,0,0,0,0,0,0,0,0,0,0,0,0,0,0,0,0,0,0,0,0,0,0,0,0
3,2,2,1,8,1,1,7,5,0,0,0,2,4,2,1,0,4,6,6,1,0,1,0,0,0,57
1,1,2,2,9,0,1,5,5,0,0,2,2,3,2,1,0,4,7,5,2,1,2,1,0,0,58
10,4,0,7,33,2,1,15,6,1,3,4,5,10,13,1,0,14,8,12,3,2,7,1,4,0,166
1,0,0,2,6,2,3,5,4,0,0,1,5,4,6,0,0,5,5,5,1,0,0,0,1,0,56
33,6,5,14,47,3,6,23,13,0,5,17,9,21,24,7,0,25,20,23,8,4,14,0,5,0,332
25,9,8,18,29,6,7,16,17,1,3,11,4,20,23,4,1,19,20,19,8,5,2,0,9,0,284
19,2,2,6,16,3,6,11,10,0,1,5,3,13,17,2,0,9,8,17,5,2,8,0,3,0,168
3,2,3,3,10,0,0,4,1,0,1,1,0,5,7,0,0,3,2,7,1,1,3,0,0,0,57
26,6,6,17,47,5,5,22,21,1,3,12,7,29,24,6,1,13,23,24,10,4,8,2,4,0,326
2,0,0,2,10,1,2,1,6,1,1,1,1,9,4,0,0,6,3,4,1,3,0,1,0,0,59
2,2,0,2,9,0,0,3,3,0,1,4,0,3,5,1,0,5,5,5,3,0,2,1,0,0,56
13,1,3,8,24,1,2,13,8,1,3,4,1,18,17,4,0,6,11,13,2,2,8,0,6,0,169
9,1,0,1,4,1,0,3,0,0,2,2,0,5,4,0,0,5,6,4,4,0,3,0,1,0,55
7,2,2,2,12,2,0,3,1,0,2,0,1,2,2,0,0,6,4,3,0,2,4,0,2,0,59
5,1,1,2,3,5,2,5,6,0,0,4,1,4,5,0,0,1,3,6,2,0,2,0,0,0,58
5,1,1,3,6,1,1,4,0,1,0,3,2,5,6,0,0,4,5,3,0,0,0,0,0,0,51
0,0,0,0,0,0,0,0,0,0,0,0,0,0,0,0,0,0,0,0,0,0,0,0,0,0,0
7,0,0,2,3,4,1,5,6,0,0,1,0,7,4,2,0,2,3,6,2,0,2,0,0,0,57
5,0,0,2,8,2,4,3,1,0,0,1,2,5,2,0,0,5,3,2,2,1,1,0,2,0,51
12,3,3,7,26,8,3,15,11,0,0,11,2,15,10,3,0,11,6,11,5,1,6,1,1,0,171
22,4,2,8,27,6,7,15,13,0,3,11,5,16,19,5,0,14,15,21,5,0,12,0,2,0,232
11,5,3,6,26,3,1,8,8,0,1,5,2,15,17,1,0,10,8,21,5,5,8,0,2,0,171
3,2,4,5,18,2,3,6,7,1,0,4,2,9,15,2,0,3,6,13,4,2,2,0,0,0,113
25,3,7,10,32,7,7,13,12,0,2,7,6,15,19,3,0,17,16,21,1,2,7,0,2,0,234
7,0,0,3,7,1,1,5,2,0,0,0,1,1,3,1,1,5,7,4,1,0,0,0,0,0,50
32,9,14,14,60,10,10,36,29,1,2,16,18,22,33,3,0,23,30,47,9,4,10,0,3,0,435
3,1,1,3,8,0,3,3,8,0,0,2,0,7,2,0,0,2,7,6,1,0,2,0,0,0,59
12,3,5,6,26,3,1,7,9,1,2,5,7,8,12,3,0,11,7,20,4,2,5,0,5,0,164
7,0,3,4,9,1,1,2,4,1,0,0,2,4,4,0,0,2,1,8,1,2,1,0,1,0,58
19,0,3,5,17,3,3,9,8,1,1,6,5,12,16,2,0,11,15,14,2,1,9,0,3,0,165
0,0,0,0,0,0,0,0,0,0,0,0,0,0,0,0,0,0,0,0,0,0,0,0,0,0,0
3,1,4,2,7,0,0,5,1,0,1,1,1,2,5,4,0,5,3,4,2,0,2,0,0,0,53
1,0,1,1,1,0,0,0,1,0,0,0,0,1,0,0,0,0,1,1,0,0,0,0,0,0,8
12,1,3,3,19,1,4,4,6,0,0,4,5,7,4,0,0,9,9,9,3,2,4,0,2,0,111
17,2,5,16,37,3,6,11,9,0,0,9,7,13,14,3,0,16,12,26,5,1,4,1,5,0,222
2,0,2,1,7,3,1,5,3,0,0,0,1,6,4,3,0,3,5,2,1,1,2,0,0,0,52
25,10,10,16,40,4,9,25,19,1,4,15,3,19,22,4,0,21,21,35,12,2,11,2,4,0,334
7,3,5,6,19,1,3,7,7,0,0,4,5,8,4,0,0,5,5,7,2,2,1,1,1,0,103
7,1,2,4,6,1,1,4,2,0,1,1,1,3,3,0,0,2,3,6,0,1,3,0,1,0,53
13,2,7,15,42,9,2,17,15,0,1,13,10,15,23,2,0,20,12,31,9,2,12,1,7,0,280
34,6,12,19,51,11,8,27,16,0,1,20,17,27,25,5,0,18,25,35,15,3,6,1,3,0,385
2,2,3,3,11,2,0,4,5,1,0,1,2,3,2,0,0,2,5,10,1,0,0,0,1,0,60
5,2,0,2,3,0,1,4,1,0,0,4,1,2,7,1,0,1,6,8,1,1,3,0,0,0,53
6,1,1,4,2,2,2,1,5,0,0,1,1,6,7,2,0,4,5,1,1,0,1,0,0,0,53
5,1,0,3,8,1,2,3,3,0,0,3,1,2,3,1,0,4,2,4,2,0,0,0,0,0,48
4,0,2,3,6,2,2,10,11,0,1,2,4,6,2,0,0,2,7,6,2,0,2,0,0,0,74
0,0,0,0,0,0,0,0,0,0,0,0,0,0,0,0,0,0,0,0,0,0,0,0,0,0,0
3,3,2,7,5,0,1,2,2,0,0,3,0,5,4,1,0,3,5,6,2,0,2,0,1,0,57
20,8,3,10,33,2,7,14,9,0,1,12,7,17,15,3,0,11,11,20,2,3,6,2,3,0,219
10,3,0,10,16,7,10,5,11,0,2,11,2,10,16,2,0,9,8,13,5,1,4,1,3,0,159
15,2,3,7,20,2,3,11,9,1,1,5,4,16,18,5,0,7,9,20,4,0,5,0,3,0,170
4,4,0,2,7,1,2,7,3,0,0,4,0,2,3,1,0,3,2,5,1,2,1,0,1,0,55
3,1,0,2,11,0,0,2,2,0,0,0,1,5,3,3,0,2,5,5,2,0,3,0,2,0,52
13,3,4,7,19,5,1,14,8,0,3,8,8,9,19,3,0,11,7,13,4,0,3,0,4,0,166
2,0,2,0,8,3,1,6,2,0,1,1,2,3,6,1,0,4,5,9,2,0,0,0,0,0,58
0,0,1,0,4,0,0,1,2,0,0,0,0,1,0,0,0,1,1,2,0,0,0,1,0,0,14
15,0,2,8,23,3,3,12,11,0,1,8,5,9,8,5,0,11,12,15,1,1,9,1,5,0,168
14,3,3,8,25,5,2,14,3,0,0,9,3,5,16,1,1,12,12,21,7,1,5,0,2,0,172
9,2,0,2,16,2,2,4,6,0,0,9,5,11,9,3,1,6,8,8,6,1,3,0,0,0,113
5,0,1,0,8,0,0,3,1,0,1,1,1,4,4,1,0,2,6,7,0,0,1,1,1,0,48
4,0,2,3,7,0,2,3,5,0,0,0,2,2,5,2,0,3,2,3,1,0,1,0,1,0,48
12,2,2,6,20,4,4,9,20,1,5,13,5,11,8,7,0,6,19,11,4,2,0,0,3,0,174
5,3,6,2,8,0,0,0,2,0,0,2,1,5,5,1,0,3,8,4,2,1,0,0,3,0,61
3,2,0,0,8,1,3,3,4,0,1,3,0,2,3,2,0,4,2,2,0,0,4,0,0,0,47
8,0,0,5,4,2,3,2,4,0,0,0,3,9,4,1,0,2,3,4,1,0,0,0,1,0,56
11,0,1,4,12,3,2,6,7,0,4,4,1,5,9,5,0,7,5,9,4,1,8,0,3,0,111
0,0,0,0,0,0,0,0,0,0,0,0,0,0,0,0,0,0,0,0,0,0,0,0,0,0,0
3,2,4,4,6,1,0,0,2,2,2,3,2,3,7,0,0,1,3,1,4,0,2,0,2,0,54
7,0,2,6,12,1,4,4,11,0,2,7,4,7,9,3,1,7,11,4,4,0,2,0,4,0,112
2,1,2,0,4,0,0,0,0,1,1,0,1,2,3,0,0,0,3,2,0,0,1,0,0,0,23
5,0,2,0,9,2,1,4,5,0,0,3,2,5,4,1,0,3,2,8,0,0,3,0,1,0,60
8,1,2,3,11,1,3,10,9,1,2,1,3,9,8,4,0,2,6,16,1,0,4,0,3,0,108
15,2,1,8,20,4,4,12,8,0,1,11,3,8,14,7,0,9,10,14,5,2,5,0,1,0,164
0,0,0,0,0,0,0,0,0,0,0,0,0,0,0,0,0,0,0,0,0,0,0,0,0,0,0
0,0,0,0,0,0,0,0,0,0,0,0,0,0,0,0,0,0,0,0,0,0,0,0,0,0,0
1,0,1,0,1,0,0,1,0,0,0,0,0,0,0,1,0,1,0,1,0,0,0,0,0,0,7
0,0,0,0,0,0,0,0,0,0,0,0,0,0,0,0,0,0,0,0,0,0,0,0,0,0,0
8,1,0,3,7,2,0,6,1,0,0,2,4,4,2,2,0,2,2,4,1,0,2,0,1,0,54
9,1,3,3,12,3,3,6,7,0,0,7,2,12,12,3,0,5,11,10,3,1,4,0,3,0,120
3,2,1,1,9,2,2,6,3,0,0,4,3,4,4,0,0,4,2,7,1,0,0,0,1,0,59
2,1,0,1,4,2,1,1,0,0,0,1,0,3,2,0,0,0,2,3,1,0,0,0,0,0,24
12,2,3,9,20,9,6,13,19,2,1,7,9,20,25,7,0,12,15,22,6,0,3,0,4,0,226
27,3,10,15,36,10,6,23,18,2,1,13,14,23,27,5,0,19,18,28,8,3,17,1,5,0,332
8,0,2,4,9,3,6,3,10,0,1,3,4,13,10,2,0,6,9,8,2,0,4,0,1,0,108
3,0,3,1,5,2,3,7,7,0,0,0,2,6,5,0,0,4,3,6,1,0,1,0,0,0,59
7,1,2,3,7,1,0,1,3,0,1,5,2,3,1,2,0,4,5,4,0,0,4,0,0,0,56
15,1,5,9,19,5,4,10,14,0,2,6,6,11,10,2,0,11,8,15,5,4,5,0,2,0,169
0,0,1,1,6,2,0,1,2,0,0,0,0,3,2,0,0,2,2,3,0,0,1,0,0,0,26
49,6,4,20,62,13,13,33,31,0,1,25,21,40,34,7,0,32,21,55,10,9,8,1,12,0,507
4,2,1,2,7,1,3,3,4,0,2,3,0,6,3,1,0,3,0,7,1,0,0,0,0,0,53
0,0,0,0,0,0,0,0,0,0,0,0,0,0,0,0,0,0,0,0,0,0,0,0,0,0,0
6,0,1,2,4,2,1,3,5,0,1,2,2,5,4,0,0,2,4,6,2,1,3,0,0,0,56
6,1,2,3,8,0,0,4,5,0,0,2,2,5,3,1,0,6,3,7,1,0,1,0,0,0,60
6,0,2,2,6,1,0,7,3,0,0,1,4,3,5,0,0,2,6,4,0,0,2,0,0,0,54
6,1,1,3,6,3,3,1,6,0,2,4,0,6,3,1,0,4,3,4,1,0,1,0,0,0,59
20,4,3,11,32,8,4,11,11,0,0,8,6,17,15,0,0,19,12,16,13,5,6,0,2,0,223
10,4,7,14,28,2,3,14,7,0,3,7,0,10,10,2,0,14,13,12,8,4,4,0,3,0,179
4,2,0,3,10,2,0,4,1,0,0,2,0,3,6,0,0,2,4,7,1,2,1,0,0,0,54
8,1,4,10,24,0,6,16,12,0,2,5,2,16,11,3,0,10,8,17,6,1,5,0,5,0,172
15,8,8,12,35,3,13,23,26,0,1,12,6,25,15,4,0,8,23,29,7,3,5,0,3,0,284
3,2,1,2,9,0,2,3,6,0,0,3,2,5,1,0,0,3,3,7,1,0,0,0,2,0,55
0,0,1,1,3,2,0,2,1,0,0,0,1,0,4,2,0,3,0,2,2,0,0,0,1,0,25
6,1,4,3,6,1,0,2,2,0,1,1,1,5,5,0,0,3,4,5,1,0,3,0,1,0,55
17,0,3,12,18,8,5,16,15,1,0,10,6,13,11,2,0,9,6,12,1,0,4,2,2,1,174
6,1,3,4,11,1,2,3,2,0,1,1,1,3,1,1,0,6,0,8,1,1,1,0,0,0,58
4,0,3,0,7,1,1,3,2,1,1,2,1,2,3,1,0,4,4,5,0,0,3,1,2,0,51
8,1,2,2,9,2,4,8,6,0,0,1,3,5,5,2,0,5,3,9,3,1,2,0,2,0,83
7,2,1,5,9,0,1,3,2,0,0,3,1,5,2,3,0,2,2,3,0,0,0,1,0,0,52
7,2,2,4,2,1,1,2,3,1,1,4,1,3,6,1,0,1,6,1,3,0,2,0,0,0,54
12,0,4,5,16,5,2,11,11,0,1,3,3,9,9,3,1,6,10,6,5,3,3,0,2,0,130
0,0,0,0,0,0,0,0,0,0,0,0,0,0,0,0,0,0,0,0,0,0,0,0,0,0,0
7,3,2,3,5,1,2,5,3,0,0,4,2,5,2,2,0,2,4,2,3,0,1,0,0,0,58
4,1,1,1,6,4,1,4,5,0,1,3,1,3,4,1,0,3,3,9,1,1,1,0,1,0,59
4,0,0,5,7,2,0,4,3,0,0,1,5,4,4,1,0,4,2,3,2,1,1,0,0,0,53
5,2,3,8,22,1,5,13,9,0,1,4,1,6,4,1,0,3,6,9,3,2,3,0,1,0,112
3,0,0,2,6,0,2,4,6,0,1,2,2,5,4,0,0,3,4,4,1,2,2,0,1,0,54
4,0,1,4,13,2,1,4,5,0,0,3,1,2,3,0,0,5,3,7,0,1,1,0,1,0,61
19,6,4,17,24,5,0,16,11,2,2,13,8,17,12,2,0,9,13,16,7,1,7,0,1,0,212
18,3,3,8,19,4,5,13,9,0,1,10,4,13,12,0,1,11,10,18,4,0,6,0,2,0,174
1,0,0,1,1,0,0,1,1,0,0,0,0,1,1,0,0,1,0,2,0,0,0,0,1,0,11
5,0,0,1,7,1,2,6,4,0,0,0,3,2,2,1,0,2,3,6,2,1,1,0,2,0,51
3,0,0,4,8,2,1,5,6,1,0,1,2,4,1,0,0,4,6,6,2,0,1,0,1,0,58
8,2,1,7,20,1,1,13,4,0,0,4,0,7,7,1,0,6,10,11,0,0,6,0,2,0,111
2,1,2,4,8,0,3,4,6,0,0,2,2,6,1,0,0,4,3,4,3,0,1,0,2,0,58
5,1,1,2,8,4,3,7,2,0,0,4,2,3,4,0,0,2,4,3,0,1,2,0,0,0,58
24,5,5,14,26,11,11,13,18,4,2,17,3,25,22,6,0,11,29,20,8,0,7,0,2,0,283
3,1,0,2,4,0,4,4,8,0,1,1,0,6,4,1,0,6,4,4,2,0,1,1,0,0,57
5,2,0,2,3,3,0,3,4,0,2,6,1,1,8,0,0,3,6,4,0,1,1,0,1,0,56
5,0,3,8,15,2,1,8,8,0,3,5,4,7,9,3,0,7,8,13,3,2,1,1,0,0,116
39,3,9,20,50,8,7,29,16,0,6,15,14,38,30,3,0,22,15,36,7,2,11,1,6,0,387
0,0,0,0,0,0,0,0,0,0,0,0,0,0,0,0,0,0,0,0,0,0,0,0,0,0,0
2,1,0,0,9,2,1,3,9,0,0,0,2,6,4,0,0,4,3,6,2,2,1,0,2,0,59
11,0,4,2,12,3,3,7,5,0,2,4,3,3,3,1,0,2,6,7,0,1,3,0,3,0,85
10,3,3,4,14,2,3,8,6,0,1,5,2,8,8,2,0,4,3,10,1,0,6,2,3,0,108
0,1,0,2,2,0,0,2,3,0,0,0,1,2,3,0,0,3,1,4,1,1,0,0,1,0,27
8,2,0,8,9,3,3,7,14,0,0,5,0,8,14,0,0,6,6,10,1,1,5,1,1,0,112
0,0,0,0,1,0,0,1,1,0,0,0,0,1,2,2,0,1,2,1,1,0,0,0,0,0,13
3,1,2,3,6,1,0,2,3,0,0,3,3,5,6,0,0,3,4,4,1,0,3,0,1,0,54
6,2,0,5,4,0,3,2,6,0,0,4,1,5,6,2,0,3,4,2,1,0,3,0,1,0,60
5,1,0,2,10,2,0,3,4,0,1,2,1,5,4,1,0,2,1,4,1,2,1,1,0,0,53
1,0,0,0,5,2,0,1,1,0,0,2,0,0,1,0,0,2,3,1,1,0,1,0,1,0,22
1,1,1,2,6,0,0,1,3,0,0,3,3,0,3,0,0,1,2,0,0,0,1,1,1,0,30
8,0,1,0,5,2,2,1,5,0,0,3,5,3,3,0,0,4,5,5,0,0,3,0,0,0,55
25,3,4,12,36,11,7,31,16,0,3,7,9,21,18,0,0,16,12,25,3,3,10,0,3,0,275
5,0,1,6,6,2,0,1,0,0,0,1,1,3,2,0,0,3,1,1,1,1,0,0,1,0,36
18,5,6,7,29,5,4,13,16,0,0,10,9,17,13,5,0,7,14,23,6,2,6,2,2,0,219
13,4,0,5,17,1,4,8,5,0,1,9,2,9,5,2,0,5,6,6,2,3,4,0,0,0,111
5,1,1,3,9,2,1,3,4,0,0,3,2,3,4,2,0,3,4,3,0,0,0,0,1,0,54
3,1,0,1,3,2,0,0,2,0,0,1,2,2,0,0,0,1,0,0,0,0,0,0,0,0,18
18,3,7,9,20,3,0,7,11,0,0,10,6,12,12,0,0,12,12,11,2,0,4,1,4,0,164
0,0,0,0,0,0,0,0,0,0,0,0,0,0,0,0,0,0,0,0,0,0,0,0,0,0,0
3,3,1,3,7,1,0,6,2,0,0,1,1,4,6,0,0,4,6,2,1,0,1,0,0,0,52
7,0,1,4,4,0,0,3,2,0,0,3,1,6,6,0,0,3,6,1,1,0,2,0,2,0,52
3,0,3,3,6,1,0,5,1,0,0,2,1,2,4,2,0,2,6,2,2,0,2,0,1,0,48
10,3,5,6,17,1,0,12,5,0,0,5,2,5,5,0,0,2,10,15,3,0,6,0,0,0,112
14,3,2,9,17,8,6,11,7,1,1,3,4,13,9,4,0,6,12,16,9,0,4,0,2,0,161
5,1,4,1,10,2,0,1,6,0,1,3,0,3,6,1,0,5,0,6,0,0,1,0,2,0,58
7,2,2,4,14,4,0,7,4,0,0,4,3,8,7,0,0,6,4,9,1,2,2,0,3,0,93
0,0,0,0,0,0,0,0,0,0,0,0,0,0,0,0,0,0,0,0,0,0,0,0,0,0,0
0,0,0,0,0,0,0,0,0,0,0,0,0,0,0,0,0,0,0,0,0,0,0,0,0,0,0
1,0,1,0,1,0,0,1,0,0,0,0,0,0,0,1,0,1,0,1,0,0,0,0,0,0,7
0,0,0,0,0,0,0,0,0,0,0,0,0,0,0,0,0,0,0,0,0,0,0,0,0,0,0
4,2,1,2,10,0,0,1,2,0,0,3,5,3,6,0,0,5,4,2,1,0,3,0,0,0,54
10,1,2,5,16,3,3,8,6,0,1,5,3,7,8,5,0,8,9,8,3,2,1,1,4,0,119
3,0,1,2,8,2,0,1,1,0,2,3,1,4,5,1,0,5,2,3,2,1,4,2,2,0,55
16,2,3,9,26,5,8,14,16,0,3,17,4,15,24,1,0,17,12,19,5,1,6,0,5,1,229
3,0,0,1,6,0,1,4,6,0,0,2,2,1,6,0,0,2,7,4,2,2,0,0,3,0,52
16,1,1,8,14,5,7,7,14,0,2,5,8,14,17,1,0,7,8,11,2,2,6,1,3,0,160
5,0,0,1,4,0,2,3,4,0,2,3,1,3,6,0,0,2,4,5,2,0,4,0,2,0,53
3,0,0,1,4,0,0,2,1,0,0,2,2,2,4,0,0,1,2,3,1,0,1,0,1,0,30
2,1,2,3,6,0,2,1,8,0,0,2,1,7,2,1,0,3,2,6,1,0,1,0,0,0,51
3,1,0,2,1,0,1,1,0,0,0,0,0,2,2,1,0,1,0,2,2,0,1,0,0,0,20
2,0,1,2,6,2,1,3,3,0,1,3,3,2,10,0,0,3,0,3,3,1,1,0,2,0,52
3,0,0,0,1,0,1,1,1,0,1,0,1,4,4,0,0,2,3,4,1,0,1,0,1,0,29
2,1,3,2,9,1,0,2,4,0,1,5,1,3,6,1,0,3,2,7,3,1,0,0,0,0,57
5,0,0,4,10,1,1,5,2,0,1,4,2,5,6,1,0,1,2,7,0,0,1,1,1,0,60
3,0,2,0,5,0,3,7,3,0,1,1,0,4,5,0,0,3,4,10,3,1,2,0,2,0,59
3,0,0,5,7,1,0,5,3,0,0,4,1,4,5,0,0,5,3,6,2,1,2,0,0,0,57
6,3,2,2,8,5,1,2,4,0,0,6,1,4,6,2,0,6,6,5,4,1,2,0,0,0,76
12,2,0,7,29,5,3,15,7,0,2,5,3,11,14,4,0,11,14,16,1,0,7,0,2,0,170
7,2,4,6,3,0,2,2,5,0,1,2,0,4,2,2,0,2,3,4,2,0,2,0,0,0,55
6,1,4,4,9,2,1,4,2,0,2,1,1,3,4,0,0,3,3,2,1,0,1,0,0,0,54
0,0,0,0,0,0,0,0,0,0,0,0,0,0,0,0,0,0,0,0,0,0,0,0,0,0,0
5,1,1,2,7,1,3,4,5,0,2,2,0,5,2,1,0,5,4,2,2,0,2,0,0,0,56
12,3,4,6,23,3,3,6,9,1,1,8,3,13,14,5,0,9,9,6,1,1,3,0,2,0,145
7,1,1,1,9,0,0,5,4,1,1,2,1,3,1,0,0,7,1,6,1,0,2,0,2,0,56
19,6,11,15,39,6,8,21,24,1,1,12,9,20,22,6,1,11,15,27,6,3,5,0,5,0,293
4,1,0,3,8,2,2,4,3,0,1,3,1,5,5,0,0,4,1,4,2,1,3,0,0,0,57
5,2,0,4,10,0,1,2,2,0,0,3,0,5,4,2,0,1,5,6,1,0,3,0,0,0,56
40,13,14,13,65,13,16,25,29,2,0,18,9,26,31,8,0,24,39,41,10,4,17,1,6,0,464
4,1,0,2,10,2,3,5,1,0,1,3,0,2,6,2,0,1,3,7,1,0,1,0,0,0,55
18,9,7,10,28,5,5,10,12,0,2,13,6,14,19,3,0,7,18,22,6,0,6,0,4,0,224
20,3,3,14,16,7,2,8,9,0,3,9,4,14,11,2,0,10,10,7,5,2,3,0,1,0,163
4,0,4,4,7,1,1,4,5,0,0,5,3,3,4,2,0,4,2,6,1,0,0,0,1,0,61
12,6,4,10,19,5,3,6,10,0,0,7,4,10,16,3,1,5,11,15,6,2,3,0,3,0,161
5,1,2,1,10,1,0,4,5,0,1,5,1,5,9,1,0,5,5,9,0,2,2,0,0,0,74
15,2,3,5,15,6,5,13,10,1,1,12,5,11,9,3,0,11,11,16,5,1,6,0,1,0,167
0,0,0,0,0,0,0,0,0,0,0,0,0,0,0,0,0,0,0,0,0,0,0,0,0,0,0
6,1,2,4,5,1,0,4,2,0,0,2,3,2,4,3,0,2,1,4,2,0,2,0,2,0,52
15,0,7,5,9,2,2,5,7,0,0,11,3,8,4,1,0,9,6,9,5,0,6,0,0,0,114
12,1,3,7,13,6,2,10,9,0,2,5,4,12,8,0,0,6,4,6,0,1,1,0,2,0,114
7,1,6,5,10,2,0,7,12,1,0,5,5,10,7,3,0,4,8,9,4,1,4,0,2,0,113
6,0,1,6,14,2,2,8,11,0,1,2,3,6,6,1,0,10,4,9,0,2,3,0,1,1,99
8,2,4,4,13,4,0,8,7,0,3,10,5,5,8,1,0,5,7,7,2,0,8,0,2,0,113
2,2,0,3,6,1,2,3,1,1,0,2,1,5,8,0,0,1,4,6,4,0,0,0,0,0,52
7,4,5,6,14,2,1,7,7,0,1,4,1,8,6,0,0,7,10,3,4,1,3,0,4,0,105
28,5,11,16,39,10,8,19,22,0,5,18,8,24,30,8,0,21,17,28,7,2,11,1,3,0,341
39,3,14,23,63,11,4,28,21,0,6,35,14,32,37,8,0,20,20,40,8,7,9,2,9,0,453
3,0,0,5,10,2,1,5,4,0,0,4,0,5,2,1,0,2,4,4,2,1,0,0,2,0,57
2,0,0,2,2,0,1,1,2,0,1,1,0,1,3,0,0,2,0,5,3,0,3,0,0,0,29
10,7,3,15,17,4,0,8,14,1,0,15,2,10,12,2,0,3,10,16,9,2,8,0,2,0,170
7,2,0,6,9,2,0,3,0,0,0,1,2,4,4,0,0,3,1,5,1,1,1,0,1,0,53
3,4,2,3,8,0,0,3,1,0,0,3,0,2,5,1,0,3,4,4,2,0,3,0,1,0,52
14,3,3,9,13,1,0,6,5,0,0,9,3,7,7,0,0,5,3,9,5,1,2,0,2,0,107
0,0,0,0,0,0,0,0,0,0,0,0,0,0,0,0,0,0,0,0,0,0,0,0,0,0,0
5,0,0,4,10,0,1,4,0,0,2,1,0,5,6,1,0,4,1,4,1,0,2,0,1,0,52
10,0,2,8,15,3,1,8,6,0,0,5,4,7,10,1,0,4,4,18,2,1,4,0,2,0,115
10,1,1,6,16,4,1,6,3,0,1,6,3,11,12,1,0,5,6,11,1,3,3,0,1,0,112
16,4,2,14,23,6,3,12,20,1,1,19,8,15,20,1,0,8,8,16,6,2,11,0,3,0,219
8,1,1,4,17,6,2,11,7,0,0,5,4,5,6,2,1,6,7,14,5,1,3,0,1,0,117
5,2,1,4,12,2,1,7,2,0,1,1,2,3,3,0,0,1,1,8,0,0,1,0,1,0,58
10,1,2,6,19,3,1,5,3,1,0,2,6,8,9,2,0,10,6,12,2,0,1,0,1,0,110
33,4,7,15,42,5,7,17,18,0,0,13,16,30,27,6,0,24,25,27,10,3,5,0,2,0,336
2,1,1,5,11,2,1,4,1,0,0,2,1,4,5,0,0,2,2,7,3,1,1,0,2,0,58
3,2,1,3,14,1,1,5,2,0,0,2,0,3,3,2,1,6,1,4,2,1,1,0,1,0,59
11,1,2,11,26,3,2,13,10,0,1,10,6,16,11,2,0,4,11,17,4,3,6,0,3,0,173
3,0,0,0,4,0,1,2,1,0,1,0,2,3,3,1,0,0,2,3,0,0,2,0,0,0,28
28,10,5,16,45,6,8,27,22,0,1,24,9,33,33,9,2,13,23,41,9,3,13,0,7,0,387
6,1,0,6,3,1,1,2,3,0,0,1,1,4,7,2,0,2,2,5,0,2,1,0,2,0,52
4,1,1,4,9,3,0,2,3,0,1,2,2,5,5,1,0,4,6,6,0,0,0,0,2,0,61
11,4,2,5,13,3,5,8,7,0,1,3,0,10,9,4,0,3,8,10,3,0,3,0,0,0,112
0,0,0,0,0,0,0,0,0,0,0,0,0,0,0,0,0,0,0,0,0,0,0,0,0,0,0
7,2,0,2,5,2,0,3,5,0,0,5,2,6,4,2,0,1,1,4,3,1,2,0,0,0,57
24,6,6,11,21,7,4,11,21,0,1,10,10,18,11,3,2,10,12,13,6,1,6,0,4,0,218
3,0,5,3,8,0,1,3,6,0,0,3,0,3,2,2,0,6,5,7,3,0,0,0,1,0,61
5,2,1,4,7,0,1,3,3,0,0,3,1,4,3,2,0,7,8,0,1,0,1,0,0,0,56
19,4,8,10,22,1,6,13,15,1,2,14,3,15,18,6,0,7,13,24,7,2,8,0,4,0,222
4,0,1,5,8,1,1,7,5,0,1,0,2,3,3,2,0,4,0,3,1,1,1,0,0,0,53
0,1,0,0,3,1,0,0,0,0,0,0,0,0,1,0,0,2,0,2,1,0,0,0,0,0,11
10,5,2,8,12,0,4,4,8,0,0,3,2,11,8,0,0,8,10,9,5,0,2,0,2,0,113
24,2,6,10,22,5,6,17,11,2,1,9,7,14,20,6,0,13,15,20,3,0,9,0,2,1,225
7,0,1,2,5,0,3,4,2,0,0,3,0,5,5,2,0,4,5,6,2,0,1,0,1,0,58
2,1,2,5,9,0,1,4,3,0,0,4,0,5,3,2,0,2,6,3,3,0,1,0,1,0,57
7,0,1,2,8,1,2,6,4,0,0,0,2,6,0,1,0,3,3,6,2,0,1,0,1,0,56
17,4,2,7,27,3,6,16,14,2,1,10,4,20,14,5,0,8,15,18,6,1,8,1,0,0,209
23,8,6,10,41,5,7,17,13,0,3,9,11,20,21,7,0,19,12,25,7,2,7,0,5,0,278
5,0,2,1,7,1,1,1,3,0,2,4,0,4,7,2,0,1,5,4,0,1,2,0,1,0,54
7,1,1,6,12,0,3,8,5,1,0,1,3,4,8,0,0,3,6,12,1,0,2,0,2,0,86
4,0,0,6,11,3,2,8,8,1,0,6,3,7,19,3,0,7,5,9,2,2,4,0,1,0,111
0,0,0,0,0,0,0,0,0,0,0,0,0,0,0,0,0,0,0,0,0,0,0,0,0,0,0
3,0,2,2,7,1,2,4,2,0,0,0,3,9,5,1,0,2,3,4,2,0,1,0,1,0,54
5,0,2,5,10,0,0,2,2,0,0,1,2,5,3,0,0,2,4,4,2,0,3,0,2,0,54
3,1,0,1,6,3,2,2,4,0,1,4,1,4,5,0,1,4,2,6,4,0,2,0,0,0,56
7,2,5,7,19,3,1,4,11,0,0,4,6,4,7,4,0,6,9,12,2,2,2,0,2,0,119
5,1,0,2,5,0,1,2,3,0,0,6,3,5,5,0,0,2,8,5,3,0,1,0,1,0,58
5,4,1,5,17,3,3,4,3,0,1,3,1,5,6,0,0,7,5,7,2,1,2,0,0,0,85
3,1,1,1,6,1,1,6,4,0,1,3,1,4,4,2,0,0,5,6,1,1,1,1,0,0,54
8,2,2,6,18,3,2,7,5,0,0,4,5,8,7,1,0,6,6,9,5,4,2,1,3,0,114
5,2,2,1,8,1,1,4,2,0,3,4,0,0,5,0,0,4,7,2,2,2,1,0,1,0,57
19,3,3,13,31,8,9,17,15,0,3,12,6,21,25,7,1,19,19,28,12,3,3,0,4,0,281
14,3,2,8,20,5,8,7,7,0,1,9,2,16,16,3,1,9,8,14,6,0,5,0,1,0,165
3,0,3,2,2,1,0,1,2,0,0,0,0,5,3,1,0,0,3,2,2,0,0,0,1,0,31
6,0,0,2,8,2,0,2,1,0,0,2,1,4,2,1,1,5,4,5,2,0,3,1,0,0,52
2,0,0,0,4,0,1,2,0,0,0,0,1,2,2,0,0,3,1,4,0,0,0,0,0,0,22
7,0,2,2,9,0,0,4,4,0,0,1,2,1,1,2,0,5,4,6,1,1,0,0,1,0,53
35,7,10,18,47,5,4,19,26,0,3,22,15,24,39,11,1,20,26,25,13,3,7,1,11,0,392
3,1,0,1,2,1,0,3,4,0,1,4,2,7,8,0,0,0,6,0,0,0,7,0,0,0,50
3,1,1,0,2,0,0,1,2,0,0,1,1,2,0,0,0,2,0,3,0,0,0,0,0,0,19
4,3,1,3,7,2,1,5,1,0,0,2,1,0,5,0,0,1,3,6,1,1,1,0,2,0,50
0,0,0,0,0,0,0,0,0,0,0,0,0,0,0,0,0,0,0,0,0,0,0,0,0,0,0
6,2,1,3,9,0,1,1,3,0,0,3,1,4,5,0,1,5,3,2,2,1,0,0,3,0,56
17,4,7,11,26,4,2,11,17,0,0,12,6,13,15,6,0,8,14,20,5,1,9,1,1,0,210
3,1,2,2,3,0,0,0,0,1,1,1,1,3,5,0,0,2,3,2,2,0,1,0,2,0,35
9,1,2,2,6,0,2,2,5,0,0,3,2,7,1,0,0,3,4,4,2,0,2,0,1,0,58
16,9,4,9,23,5,8,14,16,1,3,6,7,21,19,2,0,8,13,20,3,2,4,1,4,0,218
8,0,0,5,5,1,1,4,10,0,1,4,3,4,9,3,0,5,3,8,0,1,3,1,1,0,80
20,9,2,14,26,4,5,20,11,0,2,11,6,19,10,5,0,9,15,16,7,1,6,0,3,0,221
2,2,1,2,10,2,1,4,3,1,2,3,1,1,6,0,0,7,2,5,1,1,1,0,0,0,58
20,4,2,10,36,13,6,16,12,0,1,10,4,18,15,3,1,16,13,27,5,1,3,0,3,0,239
17,2,3,11,24,7,9,16,17,0,1,5,10,21,20,7,1,13,14,20,4,0,3,0,1,0,226
17,3,1,8,19,8,6,6,11,0,1,10,4,15,10,2,0,9,12,11,2,0,1,0,3,0,159
11,1,1,4,12,1,0,7,6,0,0,7,3,11,8,3,0,6,9,9,4,0,5,1,1,0,110
6,2,1,3,6,2,3,4,5,0,0,3,0,5,4,0,0,3,2,4,1,2,0,0,1,0,57
21,4,4,10,35,2,2,14,11,0,4,9,8,12,12,7,0,16,12,24,4,3,7,1,3,0,225
0,0,0,0,0,0,0,0,0,0,0,0,0,0,0,0,0,0,0,0,0,0,0,0,0,0,0
2,1,0,2,5,1,1,4,7,0,0,3,3,3,4,1,0,3,3,5,2,2,3,0,0,0,55
2,0,1,1,5,0,0,0,0,0,1,0,0,0,2,1,0,1,1,4,0,0,1,1,1,0,22
7,0,0,1,9,0,1,4,4,0,0,4,1,4,2,2,1,3,2,8,1,2,0,1,1,0,58
10,2,2,7,14,0,2,8,9,0,0,5,1,14,9,4,0,4,2,10,0,2,3,0,2,0,110
20,4,5,9,23,4,3,15,8,0,3,14,4,19,22,5,1,10,15,14,3,1,7,0,6,0,215
11,1,2,6,11,1,2,4,6,0,0,6,5,8,11,4,0,3,9,4,2,1,5,0,1,0,103
9,2,3,3,4,2,1,2,1,0,0,3,0,6,5,0,0,3,3,4,3,0,3,0,0,0,57
4,0,2,3,6,2,1,5,5,0,0,2,0,3,4,1,0,4,3,6,2,0,3,0,1,0,57
27,3,11,11,38,2,7,21,22,0,3,11,8,17,16,9,3,17,22,33,10,1,10,1,4,0,307
0,0,0,0,0,0,0,0,0,0,0,0,0,0,0,0,0,0,0,0,0,0,0,0,0,0,0
0,0,0,0,0,0,0,0,0,0,0,0,0,0,0,0,0,0,0,0,0,0,0,0,0,0,0
1,0,1,0,1,0,0,1,0,0,0,0,0,0,0,1,0,1,0,1,0,0,0,0,0,0,7
0,0,0,0,0,0,0,0,0,0,0,0,0,0,0,0,0,0,0,0,0,0,0,0,0,0,0
7,1,0,1,9,0,0,5,4,0,2,5,1,2,1,2,0,4,3,6,1,1,2,0,3,0,60
5,0,2,2,8,3,3,4,3,0,1,2,0,2,4,0,0,7,1,7,1,1,3,0,2,0,61
2,1,0,4,9,4,0,6,4,0,1,1,1,3,5,0,0,2,4,6,0,1,2,0,1,0,57
5,0,2,3,5,3,1,3,3,0,1,2,3,4,5,1,0,2,0,4,2,1,1,0,0,0,51
0,1,0,0,1,0,1,0,1,0,0,0,0,1,0,0,0,0,1,0,0,0,0,0,0,0,6
3,0,0,3,6,0,2,5,2,0,2,0,2,3,4,1,0,5,3,5,4,0,2,1,2,0,55
5,1,1,3,5,0,1,2,1,0,1,2,0,8,6,1,0,2,2,4,5,0,2,0,1,0,53
11,3,2,4,10,4,0,6,7,0,1,8,3,8,9,0,0,7,10,9,4,3,5,0,4,0,118
8,0,2,2,8,1,0,2,2,0,1,1,0,5,3,0,0,3,7,6,2,2,2,0,1,0,58
5,1,3,3,15,2,0,8,7,0,0,7,2,8,8,1,0,6,12,9,5,2,6,0,2,0,112
7,4,3,4,17,1,4,7,5,0,0,5,2,7,10,3,0,4,5,9,4,0,3,0,1,0,105
3,0,2,5,10,2,1,2,5,0,0,3,1,3,2,2,1,4,3,5,3,0,2,1,1,0,61
5,1,1,5,8,4,0,2,1,0,0,2,3,9,5,1,0,1,2,4,1,0,0,0,1,0,56
5,1,0,1,7,2,1,4,4,0,0,4,1,3,6,0,0,3,4,7,3,0,1,0,0,0,57
12,5,7,6,19,3,1,10,12,0,2,7,4,10,15,5,0,6,13,15,6,1,6,1,1,1,168
8,2,5,7,14,6,2,5,9,0,1,6,3,8,13,0,0,5,7,9,4,1,1,0,3,0,119
4,3,0,2,9,1,4,2,3,0,0,4,0,1,4,0,0,5,3,4,3,1,2,0,3,0,58
5,1,0,4,9,1,0,5,1,0,0,2,1,3,4,1,1,5,4,4,2,1,0,0,1,0,55
8,0,4,3,16,1,2,9,7,1,0,7,5,7,10,3,0,4,8,12,1,1,1,0,3,0,113
12,2,5,7,37,3,4,15,9,0,1,7,3,8,18,11,1,16,16,25,2,2,8,0,3,0,215
9,3,3,8,17,2,4,3,8,1,2,6,5,10,5,0,0,7,9,6,3,3,0,0,2,0,116
0,0,0,0,0,0,0,0,0,0,0,0,0,0,0,0,0,0,0,0,0,0,0,0,0,0,0
5,2,2,5,8,1,2,4,2,0,0,2,1,6,3,0,0,2,2,6,4,0,0,0,0,0,57
0,0,1,1,5,1,1,1,2,0,0,0,0,3,1,2,0,1,2,2,1,0,0,0,0,0,24
5,2,1,1,4,2,0,1,3,0,1,4,0,1,8,1,1,3,5,5,3,0,3,0,2,0,56
34,11,7,20,58,11,16,36,32,0,1,20,9,25,36,10,2,21,29,49,13,4,10,3,3,0,460
4,0,0,5,9,1,2,4,5,0,0,2,1,3,2,0,0,3,4,7,1,1,3,0,1,0,58
5,1,2,2,7,1,0,1,5,0,0,2,4,4,7,0,0,6,3,6,1,2,1,0,0,0,60
19,3,4,7,28,6,4,15,16,0,2,16,8,15,17,2,1,19,15,16,5,1,7,1,1,0,228
13,1,3,9,16,3,2,9,8,0,1,7,4,14,17,1,1,8,9,13,4,0,6,0,3,0,152
37,2,0,16,34,12,10,26,19,1,2,12,9,25,28,3,0,11,21,37,8,8,8,1,8,0,338
5,2,3,3,7,3,1,1,4,1,0,1,1,5,4,0,0,3,5,2,2,1,1,0,0,0,55
26,6,5,8,41,11,7,13,12,0,2,12,8,23,25,5,0,14,25,17,10,4,6,0,1,0,281
5,3,4,8,15,4,2,7,6,0,0,5,1,8,13,1,0,9,11,6,4,0,2,0,0,0,114
8,1,2,3,5,2,0,2,7,0,0,4,2,5,3,0,0,4,5,3,2,1,0,0,2,0,61
2,2,1,2,9,1,0,3,2,0,0,3,1,3,7,1,0,4,2,4,1,0,4,0,0,0,52
1,0,0,0,1,0,1,0,2,0,0,0,1,1,0,0,0,0,0,0,0,0,0,0,0,0,7
0,0,0,0,0,0,0,0,0,0,0,0,0,0,0,0,0,0,0,0,0,0,0,0,0,0,0
4,1,1,2,9,0,1,3,4,0,0,2,3,6,3,0,0,3,4,3,1,1,1,0,1,0,53
18,3,8,10,21,5,5,8,14,0,0,8,8,20,20,6,0,18,7,12,8,0,7,0,4,0,210
1,0,1,3,13,1,1,4,4,0,0,3,2,4,2,0,0,4,5,4,1,2,1,0,2,0,58
9,0,1,2,7,2,2,3,2,0,2,2,2,4,3,0,0,4,5,4,0,0,1,0,1,0,56
15,2,3,8,24,4,3,10,7,0,1,8,4,11,13,4,0,11,8,11,4,1,7,0,4,0,163
4,2,5,3,7,2,1,4,11,0,0,5,2,5,6,1,0,4,5,7,2,0,4,0,0,0,80
7,0,3,0,9,1,2,1,4,0,0,1,1,7,5,0,0,2,6,2,3,2,1,0,0,0,57
10,2,0,3,21,1,5,6,6,0,1,3,4,13,8,0,0,5,7,9,3,3,1,0,2,0,113
18,5,3,12,42,4,9,19,17,1,0,13,12,15,18,9,0,18,21,32,8,1,5,1,7,0,290
4,2,0,3,7,1,3,3,1,0,1,3,0,2,6,1,0,2,5,4,3,0,1,0,0,0,52
7,0,0,3,6,1,0,1,2,0,1,3,3,5,6,1,0,4,5,2,0,1,3,0,2,0,56
30,6,9,22,40,4,5,19,21,0,1,19,11,30,24,2,0,20,13,25,10,1,11,0,5,0,328
2,0,2,1,6,1,1,2,7,0,0,0,3,5,4,0,0,5,4,5,1,3,0,0,2,0,54
4,0,2,2,6,1,1,4,5,0,0,5,1,5,4,2,0,1,4,1,2,1,1,0,1,0,53
7,1,0,4,8,4,3,2,5,0,0,2,3,6,2,0,0,3,7,4,0,0,1,0,0,0,62
15,0,0,6,14,3,4,6,6,0,0,3,5,9,4,0,1,8,10,12,4,0,1,0,0,0,111
18,9,3,8,23,4,6,2,13,0,1,13,3,15,7,3,1,8,12,13,8,2,3,0,4,0,179
0,0,0,0,0,0,0,0,0,0,0,0,0,0,0,0,0,0,0,0,0,0,0,0,0,0,0
5,0,1,1,6,0,1,7,4,0,0,1,2,3,4,0,0,3,4,9,2,1,1,0,3,0,58
5,0,3,4,6,1,0,2,3,0,0,1,2,2,6,0,0,5,4,2,3,1,0,0,2,0,52
10,1,2,6,16,2,2,8,13,0,1,2,1,13,3,0,0,6,6,16,1,0,6,1,3,0,119
1,0,0,0,1,0,0,0,1,0,1,0,1,1,0,0,0,0,1,1,0,0,0,0,0,0,8
12,1,1,5,13,1,2,6,10,0,2,7,6,6,5,1,0,9,9,6,0,3,4,0,5,0,114
14,3,1,4,14,2,1,7,6,0,1,5,4,9,8,1,0,7,9,8,4,1,2,0,2,0,113
11,2,3,9,11,1,4,10,10,0,1,4,4,8,7,1,0,3,8,6,2,3,4,0,0,0,112
2,0,0,3,5,2,2,3,3,0,0,4,1,4,10,2,0,5,4,3,1,1,2,0,1,0,58
36,8,5,17,55,6,6,27,23,0,1,18,12,29,25,7,1,26,14,40,12,4,11,0,6,0,389
7,2,0,3,4,2,1,3,3,0,0,4,3,5,5,0,0,2,3,5,1,0,2,0,1,0,56
4,0,0,6,4,1,0,3,4,0,1,1,0,5,4,1,0,3,1,9,2,1,3,0,1,0,54
11,0,5,3,16,5,3,9,12,0,0,4,4,8,5,3,0,7,5,10,0,1,5,0,3,0,119
30,4,9,10,30,8,6,21,13,1,1,8,10,19,21,12,0,15,11,28,4,2,6,1,6,0,276
4,1,1,3,7,0,0,3,1,0,0,2,1,5,6,1,0,5,3,8,4,0,2,0,0,0,57
4,3,2,4,15,6,2,4,13,0,2,2,3,9,10,2,0,9,4,12,3,1,4,1,0,0,115
2,1,1,1,2,0,0,2,3,0,0,2,1,2,3,0,0,0,3,4,2,0,2,0,1,0,32
9,1,1,6,16,1,2,8,9,0,1,2,5,6,7,2,0,4,8,14,4,1,1,0,1,0,109
7,2,0,2,9,0,1,4,4,0,0,2,2,4,2,1,0,4,5,6,1,0,0,0,1,0,57
15,2,4,3,15,0,2,9,6,0,0,4,1,6,5,1,1,3,12,13,2,1,5,0,3,0,113
0,0,0,0,0,0,0,0,0,0,0,0,0,0,0,0,0,0,0,0,0,0,0,0,0,0,0
7,1,1,1,5,2,0,3,4,0,1,3,2,2,6,1,1,4,4,4,2,1,2,0,0,0,57
16,1,1,11,38,6,3,18,14,0,4,10,4,17,17,3,0,10,12,27,5,2,2,0,4,0,225
5,3,1,2,6,0,1,1,3,0,0,2,2,3,7,1,0,6,4,4,1,0,1,1,0,0,54
6,1,1,1,3,2,1,3,4,0,0,4,0,2,5,2,0,2,6,4,3,1,3,0,1,0,55
10,5,4,13,34,5,4,13,14,0,0,7,7,16,8,1,0,13,9,19,7,2,3,0,0,2,196
6,2,1,5,13,1,2,4,6,0,0,2,6,7,6,1,0,4,6,7,3,1,0,0,1,0,84
0,0,1,1,3,2,0,1,5,0,0,3,2,0,2,1,0,1,2,5,3,0,1,0,1,0,34
6,1,1,2,7,0,0,4,4,0,0,4,1,6,2,1,0,0,7,3,1,0,1,0,1,0,52
1,0,0,0,0,1,0,0,1,0,0,2,0,1,0,0,0,0,0,0,0,0,0,0,1,0,7
16,5,3,10,31,1,3,15,6,0,0,7,10,13,18,4,1,10,13,27,8,2,6,0,2,0,211
0,0,1,0,4,0,0,0,3,0,0,0,0,1,1,4,0,3,2,2,0,1,0,0,0,0,22
5,0,1,3,9,0,1,6,3,0,0,1,1,3,3,2,0,2,4,4,1,1,2,0,1,0,53
24,4,2,10,33,3,4,12,11,0,0,10,5,13,11,7,0,14,17,15,7,4,6,0,5,0,217
4,3,0,3,12,2,0,3,0,0,1,2,2,4,2,1,0,3,6,4,1,1,1,0,1,0,56
4,4,2,2,9,2,0,2,1,0,0,2,3,3,8,0,0,4,1,7,1,0,1,0,1,0,57
10,2,4,9,14,2,0,5,5,0,1,8,2,7,27,1,0,12,10,11,15,2,8,0,8,0,163
1,1,1,0,3,0,0,0,0,1,1,0,0,1,2,0,0,0,2,1,0,0,0,0,0,0,14
16,2,1,10,18,3,4,9,12,0,0,4,8,14,12,4,0,7,15,13,5,0,6,0,2,0,165
0,0,0,0,0,0,0,0,0,0,0,0,0,0,0,0,0,0,0,0,0,0,0,0,0,0,0
6,0,1,0,4,0,1,5,4,0,0,3,3,8,5,2,0,4,2,6,2,0,0,0,0,0,56
4,1,0,1,3,0,0,2,1,0,0,0,1,0,1,0,0,1,1,4,1,0,1,0,0,0,22
8,2,0,4,6,0,0,7,2,0,0,1,2,2,0,2,0,3,1,6,3,0,1,0,3,0,53
25,3,5,12,35,13,2,20,14,0,2,18,4,18,25,4,0,22,12,34,3,3,11,0,5,0,290
11,3,2,6,15,4,3,12,9,0,2,8,5,13,23,1,0,11,9,15,6,2,7,1,3,0,171
4,0,0,5,4,2,2,5,5,0,0,3,2,6,1,0,0,3,2,4,1,0,0,0,0,0,49
6,0,1,3,7,1,1,4,4,0,0,6,1,3,2,2,0,4,3,5,2,3,1,0,2,0,61
10,6,3,7,16,1,6,9,13,1,2,10,5,14,14,2,0,6,8,16,9,1,3,0,5,0,167
3,2,1,3,4,0,3,3,5,0,0,1,2,4,4,1,0,2,4,5,2,1,3,0,0,0,53
5,1,3,0,9,1,1,3,4,0,0,2,3,4,4,0,0,1,2,8,1,0,3,1,1,0,57
4,1,1,2,7,1,2,5,4,0,1,3,1,4,4,0,0,3,3,6,1,1,2,0,0,0,56
36,8,7,18,50,17,7,29,22,1,5,17,9,26,28,4,1,24,20,37,11,2,8,0,6,0,393
1,0,0,1,0,0,0,0,4,0,0,2,1,3,0,0,0,1,2,0,1,0,2,0,0,0,18
3,0,2,5,6,0,0,5,1,0,0,2,1,4,9,2,0,1,3,5,0,0,3,0,1,0,53
19,3,3,10,22,6,2,8,8,0,3,15,2,7,15,1,0,12,12,19,7,2,1,0,4,0,181
19,0,6,15,22,8,8,13,21,0,0,14,6,22,17,4,0,9,14,20,7,1,3,0,6,1,236
0,0,0,0,0,0,0,0,0,0,0,0,0,0,0,0,0,0,0,0,0,0,0,0,0,0,0
2,1,1,3,5,1,0,3,5,0,1,2,1,2,7,1,1,3,6,2,2,0,2,0,2,0,53
5,1,2,7,11,1,1,8,6,0,1,5,3,11,12,0,0,6,3,5,4,2,5,0,3,0,102
8,2,1,2,8,2,5,8,15,0,2,6,3,13,9,2,0,5,11,9,3,1,1,1,1,0,118
4,0,2,4,8,2,1,3,1,0,1,1,0,4,6,1,0,8,2,3,2,1,1,0,2,0,57
4,0,3,3,10,0,0,3,1,0,0,0,1,7,5,2,0,4,2,3,2,0,1,0,1,0,52
15,4,4,2,9,3,1,8,7,1,0,12,4,9,10,3,0,3,10,5,5,1,3,0,2,0,121
6,2,1,2,10,0,0,3,1,0,1,4,2,5,4,0,0,3,4,4,1,1,2,0,1,0,57
19,5,12,10,25,7,7,10,17,0,3,13,5,17,20,2,0,10,11,20,6,3,4,0,7,0,233
17,6,3,11,21,8,2,10,7,0,0,9,5,12,21,7,0,8,7,13,3,1,4,1,3,0,179
13,6,4,11,29,1,4,14,20,0,2,13,6,20,18,2,0,18,8,17,5,1,10,1,2,0,225
13,3,3,6,17,2,2,5,9,0,0,12,8,8,11,1,0,12,7,9,3,2,2,0,3,0,138
0,0,0,0,0,0,0,0,0,0,0,0,0,0,0,0,0,0,0,0,0,0,0,0,0,0,0
0,0,0,0,0,0,0,0,0,0,0,0,0,0,0,0,0,0,0,0,0,0,0,0,0,0,0
1,0,1,0,1,0,0,1,0,0,0,0,0,0,0,1,0,1,0,1,0,0,0,0,0,0,7
0,0,0,0,0,0,0,0,0,0,0,0,0,0,0,0,0,0,0,0,0,0,0,0,0,0,0
5,2,0,2,8,1,0,2,3,0,0,3,1,2,3,0,0,4,4,8,0,0,5,0,2,0,55
9,5,3,7,10,2,1,8,9,0,1,7,1,8,6,0,0,8,5,10,3,0,4,0,3,0,110
7,1,2,7,15,3,3,11,14,1,1,8,6,12,9,1,0,4,5,14,5,1,8,0,0,0,138
3,2,0,2,9,1,1,3,4,0,0,1,1,4,4,2,0,1,3,9,2,1,1,0,0,0,54
6,1,0,5,5,1,0,6,4,0,0,6,1,3,3,0,0,2,3,6,0,0,3,0,2,0,57
6,1,1,1,7,0,0,5,3,0,1,3,1,4,3,0,0,1,5,7,1,0,5,0,0,0,55
3,2,3,5,11,1,0,5,5,0,1,5,0,2,2,0,0,1,3,9,1,0,1,0,0,0,60
34,8,13,18,58,16,8,23,24,1,1,29,10,31,38,4,3,27,28,37,17,3,11,2,11,0,455
3,1,1,2,5,2,2,3,5,0,1,3,0,4,3,0,0,7,3,2,0,1,2,1,1,0,52
7,0,3,5,4,2,0,2,4,1,0,4,0,5,5,0,0,6,3,5,2,0,1,0,2,0,61
14,1,3,6,12,2,1,6,5,0,1,1,1,6,12,5,0,8,5,18,4,1,3,1,0,0,116
2,2,4,3,9,1,1,6,3,0,1,2,1,5,4,1,0,2,2,4,1,1,1,0,1,0,57
5,1,2,5,8,2,0,2,1,0,0,2,1,3,7,1,0,2,3,4,1,0,2,0,1,0,53
14,2,2,5,13,4,2,6,6,0,0,3,5,7,5,0,0,3,6,13,1,1,0,0,1,0,99
14,5,6,5,20,5,4,7,14,0,0,11,6,13,10,2,0,6,10,14,4,2,5,0,3,0,166
10,1,0,4,6,2,1,3,4,0,0,3,2,5,2,0,0,1,3,6,1,0,1,0,1,0,56
4,0,1,3,8,1,3,4,3,0,0,3,2,5,4,0,0,3,3,6,1,1,1,0,2,0,58
9,2,2,3,6,2,0,1,5,0,0,5,1,7,3,1,0,2,4,3,1,0,3,0,0,0,60
0,0,0,0,0,0,0,0,0,0,0,0,0,0,0,0,0,0,0,0,0,0,0,0,0,0,0
5,0,1,2,5,5,1,4,4,0,1,3,1,4,7,0,0,2,2,8,1,0,3,0,0,0,59
17,0,7,8,27,2,1,15,15,0,3,9,9,11,14,5,0,15,15,19,3,2,8,0,6,0,211
8,4,1,9,16,1,0,6,10,0,0,5,3,11,9,2,0,7,7,11,0,0,1,0,2,0,113
9,1,2,6,16,1,2,11,5,0,0,3,4,6,6,3,0,7,6,10,3,1,6,1,1,0,110
11,1,4,8,14,3,2,7,6,0,0,5,3,7,14,2,0,6,6,13,2,1,4,0,0,0,119
5,2,1,3,8,1,0,3,3,1,0,2,1,3,5,0,0,3,4,7,3,2,2,0,1,0,60
13,4,6,6,23,3,4,8,10,0,1,6,6,9,14,6,0,14,11,7,5,0,3,0,4,0,163
14,1,4,12,28,4,6,11,13,0,0,8,6,19,19,3,2,16,15,10,10,1,5,1,5,0,213
22,0,9,12,34,5,11,15,11,1,2,7,9,23,21,6,1,19,12,17,12,0,5,0,4,0,258
19,5,6,10,37,2,7,21,15,1,1,7,1,11,6,4,0,17,13,32,5,1,5,0,9,0,235
4,4,2,2,17,3,3,5,7,1,1,6,4,8,8,1,0,8,8,7,3,0,3,1,2,0,108
5,0,1,3,9,2,0,3,2,0,0,3,3,5,5,2,0,4,3,7,1,0,1,0,0,0,59
18,2,6,13,29,5,5,19,12,0,0,9,4,15,18,6,0,13,18,20,5,1,4,0,5,0,227
0,0,0,0,0,0,0,0,0,0,0,0,0,0,0,0,0,0,0,0,0,0,0,0,0,0,0
4,1,1,4,9,2,1,4,3,0,0,0,0,0,5,0,0,6,4,8,1,1,2,0,1,0,57
7,3,2,8,20,0,1,10,9,0,1,2,2,11,4,1,0,3,6,13,2,0,2,1,2,0,110
9,1,4,9,11,4,4,10,11,0,0,0,1,6,7,1,0,7,5,9,2,1,3,0,2,0,107
5,0,2,4,9,1,2,1,3,0,2,2,1,3,4,1,0,5,1,4,2,3,1,0,1,0,57
2,0,0,0,1,0,0,1,0,0,0,0,1,0,0,0,0,0,0,1,0,0,1,0,1,0,8
14,7,1,7,31,7,4,19,16,0,0,10,6,16,19,5,0,15,11,19,3,0,7,1,3,0,221
5,3,3,2,13,1,0,6,3,0,1,1,1,3,1,0,0,5,2,4,0,0,2,0,1,0,57
7,0,1,6,8,0,0,2,3,0,0,3,1,4,1,2,0,2,6,1,0,1,4,0,2,0,54
8,4,1,2,14,1,2,3,8,0,3,6,3,11,11,4,0,5,4,12,4,0,4,1,1,0,112
13,4,6,12,23,4,4,11,19,0,2,9,4,18,15,3,0,6,8,15,0,1,11,1,0,0,189
5,0,1,4,5,0,3,2,5,0,0,3,1,6,1,1,0,4,4,2,1,1,1,0,2,0,52
15,4,7,10,34,6,4,16,16,0,4,14,6,14,10,5,1,16,18,18,5,2,4,0,5,0,234
7,4,1,4,20,3,5,7,5,0,1,2,2,6,4,1,0,7,5,15,4,1,4,0,1,0,109
6,3,1,3,4,1,0,0,3,0,2,3,1,5,7,1,0,3,4,0,1,0,5,0,0,0,53
11,1,4,6,13,2,1,10,5,0,1,4,2,10,9,0,0,3,8,12,0,1,6,0,2,0,111
3,1,1,2,5,0,1,6,2,0,0,5,0,5,5,0,0,2,2,7,3,0,5,0,2,0,57
19,6,5,9,30,3,2,13,16,0,3,16,6,15,12,2,0,10,15,20,6,2,8,0,2,0,220
11,2,3,7,14,1,2,6,10,0,0,6,1,10,8,1,0,2,8,13,3,2,2,0,0,0,112
0,0,0,0,0,0,0,0,0,0,0,0,0,0,0,0,0,0,0,0,0,0,0,0,0,0,0
4,1,2,1,5,4,1,3,5,0,0,3,2,4,5,1,0,4,3,5,3,0,0,0,0,0,56
5,0,2,2,9,3,1,0,2,0,0,4,0,4,5,5,0,2,5,6,1,1,2,0,1,0,60
8,4,6,11,26,8,3,14,7,0,0,6,1,16,11,1,0,8,12,12,6,2,3,0,2,0,167
15,6,6,12,26,3,5,11,12,0,0,20,4,13,17,2,0,11,16,14,6,4,8,1,2,0,214
0,0,0,1,4,0,0,2,2,0,0,0,0,0,0,0,0,1,1,3,0,0,0,0,0,0,14
3,0,0,2,9,1,3,7,3,0,0,2,3,2,4,0,0,3,3,7,2,0,1,0,1,0,56
4,3,1,2,8,2,1,1,7,0,1,4,1,6,4,1,0,3,3,2,2,2,2,0,0,0,60
10,0,2,6,16,1,4,8,8,0,1,6,5,12,4,1,1,5,6,8,1,1,2,1,0,0,109
3,0,1,2,7,1,0,4,1,0,0,1,2,1,5,1,0,3,4,6,1,0,1,0,0,0,44
7,3,4,6,15,3,2,4,9,0,3,8,4,5,8,1,1,9,12,6,2,2,1,0,0,0,115
24,8,6,7,19,4,5,13,15,0,3,9,6,15,15,3,0,10,17,23,8,2,12,0,4,0,228
19,4,5,9,29,2,3,16,12,3,1,12,6,14,13,2,0,9,16,17,4,4,10,1,5,0,216
3,0,1,4,10,2,0,2,1,0,0,2,2,2,6,1,0,4,4,6,2,1,2,0,1,0,56
4,1,2,5,10,2,1,3,1,0,0,1,0,1,4,0,0,1,5,11,3,0,1,0,1,0,57
0,0,1,1,1,0,0,1,0,0,0,0,0,0,1,0,0,0,1,0,0,0,1,0,0,0,7
5,0,1,3,7,2,1,2,5,0,1,1,1,3,2,1,0,2,6,4,2,0,3,0,0,0,52
4,4,2,4,14,3,1,6,7,0,1,9,5,5,8,0,0,5,6,13,6,0,3,0,4,0,110
6,2,1,3,10,1,2,7,1,0,0,2,3,3,3,0,0,3,2,4,0,0,2,0,1,0,56
16,4,4,14,30,7,3,18,15,2,1,8,2,18,16,2,0,8,15,22,6,3,9,1,1,0,225
0,0,0,0,0,0,0,0,0,0,0,0,0,0,0,0,0,0,0,0,0,0,0,0,0,0,0
3,0,1,5,7,2,0,3,2,0,2,3,1,2,6,1,1,1,7,2,3,0,2,0,1,2,57
7,1,0,3,7,3,2,9,4,0,0,1,3,3,4,0,0,3,5,8,3,0,1,0,1,0,68
13,4,2,7,16,5,2,9,12,0,0,9,6,4,8,0,0,5,9,13,1,3,5,0,3,0,136
5,0,1,1,4,1,0,1,4,0,2,2,2,3,5,0,0,4,3,6,1,0,5,0,0,0,50
4,0,2,3,8,1,0,5,3,0,0,1,1,5,3,0,0,2,2,8,2,1,2,0,1,0,54
1,0,0,1,1,0,1,0,1,0,0,1,1,1,5,0,0,3,2,3,3,0,1,0,1,0,26
10,3,1,5,11,1,2,6,5,1,0,5,2,8,8,1,1,7,8,8,4,0,6,1,1,0,105
2,1,1,2,4,1,2,4,8,0,0,2,1,3,6,0,0,3,3,3,3,0,4,0,2,1,56
13,1,7,10,27,5,3,9,11,0,0,12,4,8,9,1,0,7,7,14,3,5,4,0,4,0,164
7,2,2,6,15,1,1,7,2,2,0,2,6,10,14,1,0,7,3,7,3,0,2,0,1,0,101
19,2,2,15,16,2,1,6,7,1,0,10,9,15,11,2,0,6,10,15,4,0,5,0,4,0,162
8,0,1,3,2,2,1,3,2,0,1,1,1,6,5,2,0,4,2,4,1,0,2,0,2,0,53
4,1,2,4,15,2,2,3,7,1,1,4,5,3,5,0,1,7,9,5,3,0,0,1,2,0,87
11,3,3,6,22,0,1,8,6,0,0,4,6,5,3,1,1,8,6,14,1,0,2,0,4,0,115
4,4,2,2,8,2,0,3,2,0,0,5,2,3,5,0,0,3,1,9,2,0,1,1,0,0,59
3,0,0,0,2,0,0,0,2,0,0,4,0,1,0,0,0,0,3,3,1,0,1,0,1,0,21
7,3,0,2,6,0,2,3,6,0,0,3,0,5,4,0,0,2,3,7,0,1,2,0,0,0,56
9,3,3,5,14,4,1,8,6,0,0,4,1,4,6,0,0,2,5,10,1,1,3,0,1,0,91
14,0,7,6,13,1,3,1,4,0,1,10,3,7,9,2,1,9,5,4,3,1,1,0,5,0,110
5,2,0,1,6,1,3,2,2,1,0,2,1,7,3,0,0,2,5,4,0,1,2,0,2,0,52
1,2,0,0,7,3,2,3,1,0,0,3,1,2,6,0,0,4,1,3,1,1,1,0,0,0,42
0,0,0,0,0,0,0,0,0,0,0,0,0,0,0,0,0,0,0,0,0,0,0,0,0,0,0
6,1,1,3,5,3,0,2,6,0,0,1,2,3,4,1,0,3,5,6,1,0,0,1,1,0,55
0,1,0,0,1,0,1,1,1,0,0,0,0,0,0,0,0,1,0,1,0,0,0,0,0,0,7
4,1,3,3,8,0,0,3,6,0,0,1,1,1,2,1,1,5,4,8,3,0,1,0,0,0,56
3,1,1,1,7,0,2,3,5,0,2,5,0,3,4,0,0,3,3,8,2,1,2,1,3,0,60
15,1,1,6,23,3,4,7,10,0,3,5,7,13,12,4,0,10,14,12,3,4,4,0,4,0,165
8,0,0,3,8,2,0,2,2,0,0,6,1,6,6,1,0,5,2,5,1,0,0,0,1,0,59
5,1,0,2,12,0,2,5,1,0,0,4,1,4,4,1,0,4,2,6,0,0,2,0,2,0,58
26,3,7,13,35,6,9,21,23,0,2,17,11,24,17,4,0,19,25,21,5,2,8,0,3,0,301
15,4,2,19,35,4,10,15,15,0,0,7,4,14,16,7,1,14,13,19,6,1,4,0,4,1,230
12,3,2,7,21,6,6,9,5,0,0,2,10,8,16,4,1,7,5,15,6,2,2,2,3,1,155
3,0,1,6,7,1,2,5,4,0,1,0,2,5,4,1,0,5,1,4,1,0,0,0,1,0,54
2,2,0,2,10,1,1,4,4,0,1,4,0,1,5,0,0,4,2,8,0,0,3,1,0,0,55
14,3,4,13,24,2,7,15,5,0,2,9,0,14,23,5,0,11,6,15,5,0,5,2,2,0,186
4,1,3,5,16,2,3,4,9,0,0,8,2,12,8,3,0,6,3,13,5,1,5,0,2,0,115
14,4,7,8,32,4,3,21,13,0,0,8,5,15,16,7,0,11,17,25,7,1,6,1,7,0,232
9,0,1,7,13,2,2,9,10,0,1,3,7,10,5,0,0,8,1,12,0,1,2,0,3,0,106
0,0,0,0,0,0,0,0,0,0,0,0,0,0,0,0,0,0,0,0,0,0,0,0,0,0,0
8,2,0,7,7,0,0,6,2,0,0,3,2,2,2,1,0,1,1,9,0,1,1,0,1,0,56
14,1,4,8,23,4,3,13,10,1,0,4,3,16,15,4,0,12,12,17,1,1,2,0,5,0,173
3,2,0,3,14,0,1,7,3,0,0,3,1,5,2,1,0,4,2,7,0,0,1,0,0,0,59
28,2,7,19,42,5,8,18,12,0,0,5,6,23,21,4,0,18,19,27,3,4,5,1,3,0,280
3,2,0,5,2,0,2,2,4,0,1,3,0,4,7,1,0,2,5,3,1,0,2,0,1,0,50
5,0,2,4,9,1,1,3,2,0,0,3,2,4,4,2,0,4,4,2,1,1,0,0,1,0,55
4,2,1,5,5,3,1,2,3,0,0,3,1,7,9,1,0,4,1,1,2,1,1,0,1,0,58
15,3,6,5,34,10,3,16,12,1,1,12,2,23,22,5,0,8,18,15,6,1,9,2,3,0,232
16,2,5,6,20,2,4,13,11,0,3,5,5,12,10,3,0,9,9,11,0,1,8,1,5,0,161
11,6,2,10,28,4,1,12,8,1,0,12,3,8,12,0,1,9,13,19,6,1,6,0,3,0,176
6,0,1,1,8,2,2,5,3,1,0,2,3,5,2,2,0,1,5,6,0,1,1,0,0,0,57
10,0,0,4,4,0,0,3,4,0,1,5,2,7,4,0,0,2,0,5,1,1,0,0,1,0,54
4,1,0,3,11,1,0,7,3,0,2,7,1,3,3,0,0,2,0,7,0,0,2,0,2,0,59
7,1,4,8,10,2,3,10,8,1,0,8,4,8,10,0,0,6,4,9,3,1,5,0,2,0,114
3,0,2,4,14,2,1,3,1,0,1,2,0,5,4,2,0,1,3,1,0,1,1,1,1,0,53
14,5,2,12,23,5,4,9,12,1,2,8,5,12,17,4,0,8,14,11,2,0,2,1,3,0,176
5,0,2,2,5,2,1,2,7,0,0,6,0,6,3,1,0,3,5,4,2,0,1,0,3,0,60
1,0,0,1,0,0,0,0,1,0,0,0,0,0,0,0,0,0,1,0,0,0,0,0,0,0,4
0,0,0,0,0,0,0,0,0,0,0,0,0,0,0,0,0,0,0,0,0,0,0,0,0,0,0
3,1,2,6,5,0,1,4,5,0,0,3,0,5,5,0,0,1,3,7,4,2,1,0,0,0,58
9,1,0,3,14,4,2,6,10,0,1,8,5,9,14,3,0,12,11,10,9,1,3,0,0,0,135
9,2,4,11,20,6,7,10,9,0,0,6,5,10,14,0,1,11,6,15,3,3,3,0,1,0,156
4,1,1,3,8,0,1,5,2,0,2,5,1,4,4,1,0,2,2,5,2,1,1,0,1,0,56
3,0,3,2,8,1,2,2,3,0,0,1,2,2,5,2,0,4,5,5,1,1,2,0,2,0,56
5,0,1,1,5,1,2,4,6,0,0,2,2,5,2,1,0,4,3,6,1,1,4,0,0,0,56
8,1,3,9,22,6,6,17,13,0,3,6,5,12,11,3,0,9,7,15,4,0,4,0,4,0,168
10,2,1,7,17,2,6,8,6,0,1,4,1,9,1,1,0,8,8,7,2,3,3,0,2,0,109
11,2,2,3,17,3,0,6,8,0,0,3,4,4,7,6,0,12,7,10,1,1,3,0,3,0,113
15,1,3,9,29,4,2,23,8,0,3,9,3,6,17,1,0,10,13,21,4,5,8,0,5,0,199
7,1,1,6,15,4,2,9,5,1,1,5,2,7,12,0,0,12,6,14,1,0,4,0,1,0,116
5,1,2,3,9,5,0,6,3,0,0,1,0,2,4,1,0,3,3,5,3,0,0,0,2,0,58
6,0,1,1,7,2,2,4,3,0,1,4,2,4,2,1,1,4,2,2,2,0,2,0,0,0,53
7,1,8,5,14,3,6,11,7,1,2,3,1,6,13,4,0,8,8,14,1,0,2,0,1,0,126
3,0,1,4,7,0,0,5,3,0,1,0,2,6,6,0,0,0,2,5,0,0,3,0,2,0,50
8,0,7,8,17,3,5,7,8,0,2,1,4,9,12,2,0,11,9,6,2,1,5,0,3,0,130
6,4,1,4,22,4,2,11,7,0,1,2,1,11,7,0,0,8,5,11,1,1,4,0,2,0,115
5,1,0,3,11,3,0,3,1,1,0,4,0,4,4,1,0,2,4,7,1,1,1,0,1,0,58
0,0,0,0,0,0,0,0,0,0,0,0,0,0,0,0,0,0,0,0,0,0,0,0,0,0,0
4,1,0,2,9,1,1,5,2,0,0,1,2,5,2,2,0,4,2,3,3,1,2,0,0,0,52
21,3,5,13,22,7,2,21,13,1,1,14,2,13,16,4,0,12,13,28,7,1,5,0,2,0,226
1,0,1,2,9,0,2,8,0,0,1,1,1,0,4,1,0,4,5,6,2,0,2,1,0,0,51
13,5,0,5,21,4,6,9,12,0,1,5,3,13,12,1,0,8,16,21,5,2,3,0,3,0,168
4,2,0,2,6,3,1,2,2,0,0,6,1,6,3,0,0,3,2,4,6,1,2,0,5,0,61
21,6,5,16,27,7,7,16,18,1,0,5,6,20,20,5,1,11,14,22,3,1,6,0,4,0,242
5,1,1,0,4,0,0,1,1,0,2,1,1,2,0,0,0,1,1,2,0,0,1,0,0,0,24
0,0,1,1,2,0,0,1,2,0,0,1,1,0,0,0,0,2,0,0,1,0,1,0,1,0,14
26,11,8,13,53,10,8,15,18,0,0,18,4,31,29,4,1,17,27,33,6,0,5,3,7,0,347
3,1,0,1,8,2,3,7,4,0,0,2,3,2,4,1,0,2,4,5,1,1,1,0,2,0,57
7,3,2,6,17,3,4,7,7,0,0,5,3,9,11,4,0,5,12,16,8,1,3,0,0,0,133
8,2,3,4,10,1,3,6,5,0,0,2,4,8,9,3,0,3,8,5,1,0,2,0,0,0,87
6,0,0,0,0,2,0,0,2,0,0,2,4,2,0,0,0,2,0,0,0,0,0,0,0,0,20
2,0,1,0,4,0,1,5,0,0,0,1,3,1,4,0,0,3,1,4,2,1,0,0,0,0,33
0,0,0,0,0,0,0,0,0,0,0,0,0,0,0,0,0,0,0,0,0,0,0,0,0,0,0
5,0,0,2,5,3,4,4,4,0,0,1,1,6,3,0,0,3,5,5,2,1,1,0,2,0,57
4,2,1,3,15,1,1,5,2,0,0,2,4,6,9,1,0,4,6,10,3,1,2,0,0,0,82
0,0,0,0,0,0,0,0,0,0,0,0,0,0,0,0,0,0,0,0,0,0,0,0,0,0,0
0,0,0,0,0,0,0,0,0,0,0,0,0,0,0,0,0,0,0,0,0,0,0,0,0,0,0
1,0,1,0,1,0,0,1,0,0,0,0,0,0,0,1,0,1,0,1,0,0,0,0,0,0,7
0,0,0,0,0,0,0,0,0,0,0,0,0,0,0,0,0,0,0,0,0,0,0,0,0,0,0
5,1,2,5,10,1,0,4,2,0,0,1,0,2,2,0,0,4,3,5,2,0,2,1,2,0,54
2,2,0,3,11,1,1,4,1,0,0,1,6,2,5,0,0,5,2,4,1,0,1,0,1,0,53
6,0,2,3,6,0,0,5,3,0,1,5,4,5,3,0,0,2,2,6,0,0,0,1,1,0,55
21,2,5,12,24,3,5,19,17,2,3,7,7,19,13,2,1,8,12,23,5,1,4,1,0,0,216
23,2,6,12,31,5,2,19,13,0,2,17,16,16,23,2,0,17,13,25,7,1,7,0,4,0,263
4,1,0,2,5,0,1,4,2,0,0,4,1,1,3,0,0,2,4,4,1,1,3,0,0,0,43
6,0,0,3,8,0,1,8,1,0,1,1,1,3,3,0,0,5,1,6,2,1,1,0,2,0,54
3,1,1,3,7,0,0,3,7,0,1,5,1,2,3,1,0,4,3,5,2,1,5,0,1,0,59
13,3,1,8,26,5,3,13,9,0,3,4,5,9,13,2,0,13,8,20,4,0,6,0,2,0,170
5,1,0,4,7,0,1,3,2,1,0,1,1,8,4,0,1,3,5,4,2,0,0,0,3,0,56
7,1,4,12,17,8,4,10,9,0,0,5,1,9,17,7,0,15,9,17,7,2,4,0,2,0,167
17,6,7,9,42,3,2,17,11,0,1,15,6,14,14,2,0,14,12,17,3,4,5,0,7,0,228
1,0,0,2,3,2,1,0,1,0,0,1,1,1,3,0,0,2,3,0,1,0,0,0,0,0,22
2,0,0,2,9,1,2,4,2,0,0,3,0,2,7,1,1,7,5,3,3,0,2,0,0,0,56
19,6,9,13,25,8,3,9,12,0,4,10,4,21,25,6,0,9,9,16,6,0,4,0,3,0,221
7,1,0,2,9,1,0,3,5,0,1,1,1,5,4,3,0,2,5,4,1,1,1,0,0,0,57
0,0,0,0,0,0,0,0,0,0,0,0,0,0,0,0,0,0,0,0,0,0,0,0,0,0,0
4,0,0,1,6,1,1,5,2,0,1,2,3,2,8,1,0,3,5,8,0,0,2,0,0,0,55
5,1,2,3,6,1,0,2,4,0,0,1,2,5,3,1,0,5,2,3,1,1,3,0,2,0,53
6,2,2,3,4,0,2,5,5,0,0,2,1,4,4,1,0,3,4,3,1,0,3,0,0,0,55
4,1,1,3,8,1,1,2,1,0,0,2,0,7,5,1,0,3,1,3,3,1,1,0,2,0,51
5,1,0,1,5,0,0,3,3,0,0,2,0,3,3,0,0,4,4,4,0,1,2,0,1,0,42
7,0,0,0,6,1,0,1,1,0,1,4,1,7,7,4,0,1,6,0,0,1,4,0,2,0,54
11,0,2,5,13,6,1,4,8,0,1,9,4,7,11,2,0,12,8,9,2,1,0,0,1,0,117
2,0,2,5,7,3,1,3,5,0,3,3,1,6,4,2,0,3,2,4,1,0,0,0,0,0,57
6,0,2,6,18,2,2,11,6,0,2,7,1,6,11,3,1,4,12,7,2,1,4,0,0,0,114
8,1,1,1,10,0,0,3,3,0,0,6,2,5,2,3,0,3,3,2,1,2,1,0,3,0,60
5,1,2,3,6,1,1,3,5,0,0,4,2,5,5,0,0,4,3,3,0,2,1,0,1,0,57
30,0,13,18,59,10,8,17,18,1,4,20,9,28,40,9,0,23,19,25,11,6,10,4,5,0,387
3,1,1,1,0,1,0,2,3,0,0,2,2,3,2,0,0,1,3,0,1,0,2,0,1,0,29
1,0,0,1,3,3,0,1,1,0,0,1,0,1,1,0,0,2,2,1,0,0,0,0,0,0,18
2,0,0,0,1,2,0,1,2,0,0,0,0,3,2,2,0,0,2,1,1,0,0,0,0,0,19
0,1,1,1,2,1,0,3,2,0,1,4,1,1,6,0,0,1,3,2,2,0,2,0,1,0,35
2,0,0,0,3,1,1,2,2,0,0,0,0,1,0,0,0,1,0,2,0,0,1,0,1,1,18
3,0,2,2,2,0,1,0,1,0,0,1,3,3,1,0,0,0,0,0,0,0,0,0,1,0,20
0,0,0,0,3,0,0,2,2,0,2,1,0,2,0,0,0,0,2,2,1,0,0,0,1,0,18
2,0,1,1,2,0,0,0,0,0,0,1,1,2,3,1,0,1,0,0,0,0,0,0,0,0,15
1,0,0,0,3,1,1,2,1,0,0,0,0,0,2,0,0,2,0,2,1,1,0,0,0,0,17
3,0,1,0,3,0,0,2,0,0,0,3,0,0,1,0,0,2,1,4,1,1,0,0,1,0,23
4,1,2,1,3,1,0,0,1,0,0,7,0,2,3,1,0,2,1,3,2,0,2,0,2,0,38
0,0,0,0,0,0,0,0,0,0,0,0,0,0,0,0,0,0,0,0,0,0,0,0,0,0,0
3,1,0,0,4,0,1,0,0,0,0,2,1,0,1,0,0,3,2,2,0,1,0,0,1,0,22
3,0,1,0,4,0,0,1,2,0,0,3,0,1,0,2,0,0,4,2,0,0,0,0,0,0,23
2,0,1,0,2,0,0,2,0,0,0,2,0,0,2,0,0,1,1,3,1,1,1,0,0,0,19
2,0,1,1,2,0,0,0,0,0,0,1,1,2,3,1,0,1,0,0,0,0,0,0,0,0,15
2,0,1,1,0,0,2,1,3,0,1,0,0,1,0,1,0,0,1,0,1,0,0,0,0,0,15
2,1,0,1,3,0,2,2,1,0,0,0,0,1,1,0,0,2,1,0,0,0,1,0,0,0,18
4,1,0,0,3,0,1,0,3,0,0,3,0,4,3,2,0,2,2,3,0,1,0,0,0,0,32
2,1,0,2,5,0,0,3,0,0,0,2,0,1,2,0,0,1,1,1,1,1,0,0,0,0,23
2,0,0,1,3,2,0,2,1,0,0,1,0,1,1,0,0,1,0,4,2,0,0,0,0,0,21
1,1,0,1,3,1,0,2,2,0,1,1,0,0,1,0,1,1,5,1,2,0,0,0,1,0,25
6,2,3,5,9,1,0,2,4,0,0,2,2,7,10,5,0,3,3,4,1,1,0,0,0,0,70
10,4,2,4,17,4,1,4,9,0,0,5,5,11,11,6,1,7,6,13,4,1,3,1,2,0,131
18,3,7,11,41,9,8,15,20,0,4,12,9,19,24,7,0,19,11,27,7,0,11,1,2,0,285
14,3,3,9,12,6,2,10,16,1,4,13,9,13,11,1,0,6,10,11,7,0,5,0,2,0,168
7,0,2,5,10,2,0,5,0,0,0,1,2,3,4,0,0,6,3,4,0,0,2,0,0,0,56
20,3,4,13,32,5,6,9,11,0,3,6,4,19,16,7,0,13,10,18,6,1,4,1,7,0,218
3,2,0,3,7,2,1,3,5,0,0,4,0,2,6,1,0,1,5,6,1,0,0,0,0,0,52
12,2,0,2,13,1,5,5,9,0,1,6,4,9,12,3,0,5,5,16,2,1,2,0,0,0,115
0,0,0,0,0,0,0,0,0,0,0,0,0,0,0,0,0,0,0,0,0,0,0,0,0,0,0
6,1,3,1,11,2,3,2,2,0,0,2,2,5,3,1,0,6,1,5,2,0,1,1,0,0,60
11,3,2,8,17,3,5,9,9,0,2,8,5,17,14,4,0,8,6,14,6,0,6,1,4,0,162
5,1,1,5,10,3,1,5,2,0,1,1,2,1,3,1,0,7,1,5,0,0,1,0,2,0,58
2,0,1,3,8,0,0,3,3,0,0,3,5,5,5,1,0,5,2,4,3,0,2,0,0,0,55
22,3,6,16,28,6,9,11,15,0,2,8,7,17,12,2,0,15,11,23,3,0,4,0,3,0,223
15,3,6,13,32,6,6,17,19,0,4,11,5,13,18,3,1,15,16,18,8,3,4,0,1,0,237
3,2,2,2,4,2,2,3,6,0,2,2,1,2,4,2,0,5,5,6,1,0,1,0,1,1,59
4,2,0,3,8,1,2,7,4,0,0,3,1,3,4,0,0,2,3,5,0,0,2,0,1,0,55
15,4,5,12,22,3,2,7,9,0,1,8,8,10,15,1,1,7,8,16,7,2,1,0,2,0,166
6,0,2,2,3,0,1,1,2,0,0,1,1,5,4,1,0,4,5,5,1,0,0,0,1,0,45
29,5,8,28,67,14,10,24,34,0,3,17,8,38,39,10,0,31,21,42,8,4,7,2,6,0,455
9,2,2,1,4,1,0,4,3,0,0,3,1,4,5,1,0,3,5,4,0,0,4,0,0,0,56
25,5,6,22,34,5,4,15,19,0,0,17,7,19,19,2,1,10,22,19,5,4,10,1,5,0,276
3,1,1,4,11,2,0,6,5,0,0,2,2,1,4,0,0,6,1,5,0,2,0,0,0,0,56
9,5,3,4,16,5,2,8,5,0,0,7,5,4,6,1,0,5,10,7,0,0,4,0,2,0,108
0,0,0,0,0,0,0,0,0,0,0,0,0,0,0,0,0,0,0,0,0,0,0,0,0,0,0
4,2,4,5,10,1,1,4,3,0,0,1,0,4,4,0,0,4,2,4,1,0,2,0,0,0,56
14,4,4,3,18,2,1,8,9,0,0,5,6,9,8,0,1,6,7,13,3,1,3,0,0,0,125
5,1,0,2,7,3,1,5,2,0,0,0,2,4,3,0,0,4,3,7,4,1,0,1,1,0,56
5,1,0,3,9,1,1,5,5,0,0,3,4,2,2,0,0,1,4,8,0,0,2,0,0,0,56
8,2,4,4,16,2,2,8,7,0,0,5,3,6,5,3,0,6,6,15,4,1,3,0,3,0,113
11,4,5,12,19,7,0,6,14,0,3,9,4,13,11,6,0,10,6,13,9,2,3,1,5,0,173
5,1,2,1,13,1,0,5,6,0,0,1,2,3,1,3,0,5,2,5,2,1,1,0,1,0,61
18,5,5,14,45,8,6,31,21,0,2,13,9,21,25,1,0,18,19,33,10,4,13,1,6,0,328
3,1,1,6,6,0,2,3,4,0,0,4,3,6,3,0,0,4,1,5,3,0,1,0,1,0,57
3,1,2,4,6,2,1,4,4,0,1,3,2,4,5,2,0,2,4,3,1,0,0,0,1,0,55
4,0,4,3,8,0,1,2,1,0,1,4,2,4,6,3,0,3,2,6,1,0,2,0,1,0,58
8,1,2,4,10,0,0,5,5,0,0,7,5,10,5,1,0,1,1,6,2,1,1,0,0,0,75
7,0,2,2,10,1,2,2,4,0,0,5,2,3,3,1,0,4,3,6,0,0,2,0,1,0,60
5,3,3,5,14,2,0,8,5,0,2,3,3,7,9,3,0,10,4,10,4,0,4,0,1,0,105
6,1,2,3,4,1,4,2,5,0,1,1,0,4,4,0,0,6,2,4,3,1,3,0,1,0,58
4,1,2,4,17,3,3,7,11,0,2,5,2,9,6,4,0,7,4,6,0,0,3,0,1,0,101
7,4,1,7,14,4,4,6,10,0,2,7,1,12,12,3,0,2,7,9,1,1,2,1,0,0,117
6,0,1,4,6,3,1,3,2,0,1,2,2,2,6,0,0,6,1,8,0,0,0,0,0,0,54
27,4,4,8,28,3,6,11,14,0,3,13,9,16,13,5,0,14,12,25,7,0,3,1,4,0,230
0,0,0,0,0,0,0,0,0,0,0,0,0,0,0,0,0,0,0,0,0,0,0,0,0,0,0
9,2,0,2,4,1,1,2,2,0,0,4,0,6,4,2,0,2,5,6,0,0,4,0,0,0,56
10,2,3,7,11,5,2,6,14,0,0,7,1,11,6,1,0,5,6,4,2,2,3,2,1,0,111
6,1,0,2,6,2,1,1,5,0,1,2,0,7,4,3,0,4,3,3,0,0,0,0,2,0,53
4,3,5,4,17,3,4,5,13,0,2,3,1,10,7,4,0,8,8,6,1,1,2,0,3,0,114
16,3,7,11,30,6,1,13,15,0,2,6,5,11,15,8,3,12,12,20,7,2,8,0,3,0,216
4,1,1,1,5,1,0,3,3,0,0,2,1,4,6,3,0,3,1,5,2,1,2,0,1,0,50
4,1,1,6,10,1,0,3,3,0,0,1,2,6,3,2,0,2,1,3,1,1,2,0,1,0,54
6,2,1,6,10,2,0,2,3,0,1,1,2,1,3,2,0,7,1,2,1,2,1,0,1,0,57
4,1,1,3,6,1,1,7,4,1,0,2,3,3,3,1,0,2,3,5,4,0,2,0,2,0,59
14,3,2,3,17,1,4,9,9,0,0,6,4,9,4,2,0,5,6,10,0,0,6,0,1,0,115
5,3,3,2,6,2,2,1,7,0,2,3,1,6,2,1,0,3,4,4,0,0,1,0,1,0,59
5,1,1,3,6,2,0,2,2,0,0,2,1,5,9,3,0,4,4,4,0,0,1,0,0,0,55
15,2,3,8,17,7,1,14,14,0,2,9,5,13,10,3,0,3,13,15,3,0,2,1,4,1,165
2,1,0,3,4,0,1,4,5,0,0,1,0,3,0,0,0,4,4,5,1,0,1,0,0,0,39
28,5,7,16,43,11,8,24,17,0,4,12,9,21,21,9,0,26,14,26,7,0,7,1,5,0,321
24,4,12,18,53,4,3,17,18,0,5,11,11,19,14,6,0,17,12,30,5,2,4,2,2,0,293
7,0,2,3,7,2,1,3,4,0,0,3,1,3,5,4,0,4,2,5,1,0,1,0,0,0,58
0,0,0,0,0,0,0,0,0,0,0,0,0,0,0,0,0,0,0,0,0,0,0,0,0,0,0
4,0,3,2,6,1,1,4,5,0,0,1,1,2,7,1,0,2,4,5,0,0,5,1,1,0,56
2,1,0,1,3,0,3,3,6,0,1,3,1,3,4,1,0,2,3,5,0,0,1,0,0,0,43
12,1,5,2,16,2,2,9,7,0,4,2,4,9,4,0,0,7,5,14,1,1,4,1,1,0,113
5,2,1,4,8,2,3,5,1,0,0,5,1,1,6,0,0,5,1,3,2,1,1,0,2,0,59
25,6,5,15,51,13,4,27,21,0,1,14,8,25,24,5,0,13,18,42,3,3,6,2,10,1,342
3,1,0,3,10,3,1,3,1,0,1,1,3,3,4,0,0,5,0,4,3,0,2,0,2,0,53
3,1,2,4,5,1,1,3,4,0,2,3,1,5,5,2,0,1,4,4,4,0,0,0,1,0,56
22,6,7,20,48,12,10,24,29,0,2,15,12,35,33,12,0,15,17,35,10,1,15,1,4,0,385
0,0,0,0,2,0,1,1,1,0,0,0,0,0,1,0,0,2,2,1,1,1,0,0,1,0,14
5,1,1,5,8,1,0,6,5,0,1,4,3,4,1,0,0,2,1,4,1,0,2,0,0,0,55
12,1,4,11,13,2,3,7,5,0,2,4,9,10,10,1,0,8,3,8,4,0,7,0,2,0,126
8,2,6,4,11,2,1,5,7,0,4,6,2,6,12,2,0,5,4,9,3,1,4,0,1,0,105
3,2,1,0,8,1,1,4,3,1,0,1,4,7,3,0,0,0,2,9,1,1,3,0,1,0,56
6,2,1,2,9,1,1,6,3,0,0,3,2,3,3,0,0,6,1,4,0,0,3,0,0,0,56
6,1,0,5,6,1,1,3,6,1,0,7,6,8,5,0,0,1,4,4,2,0,3,0,1,2,73
8,1,1,4,11,0,5,9,7,0,1,2,2,8,13,2,0,4,4,13,2,0,2,0,3,0,102
4,1,0,2,8,2,0,2,7,0,0,2,2,3,5,1,0,3,4,8,2,1,3,0,0,0,60
2,2,0,1,13,3,1,3,3,0,0,2,2,4,2,0,0,3,4,6,2,0,2,0,0,0,55
0,0,0,0,0,0,0,0,0,0,0,0,0,0,0,0,0,0,0,0,0,0,0,0,0,0,0
5,0,1,2,8,1,3,3,6,0,0,2,0,9,3,1,0,5,3,4,1,0,1,0,0,0,58
6,0,1,2,6,1,1,2,4,0,0,6,1,6,3,2,0,2,2,4,1,0,1,1,0,0,52
14,4,4,10,26,4,5,14,13,0,2,12,4,9,7,1,0,5,9,13,3,1,7,1,3,1,172
7,0,1,3,8,1,2,5,4,0,0,1,2,3,2,1,0,5,4,8,2,0,0,0,0,0,59
25,4,6,13,43,7,9,20,22,0,1,10,9,16,12,4,0,21,9,36,4,4,7,0,7,0,289
8,0,1,3,5,0,2,4,3,0,0,3,1,5,4,0,1,2,4,6,2,0,2,0,0,0,56
4,1,2,2,10,0,1,5,3,0,1,0,0,2,4,1,0,3,5,6,0,1,2,0,1,0,54
26,12,6,24,55,9,6,28,16,1,3,15,6,29,37,7,0,27,19,26,9,3,11,1,9,0,385
5,1,2,3,6,2,1,1,3,0,1,3,1,6,3,3,0,2,3,1,2,0,0,0,3,0,52
16,2,5,15,38,7,11,24,14,0,4,6,10,18,25,0,0,16,12,33,6,1,8,1,6,0,278
23,5,7,14,39,6,6,20,12,0,1,16,8,12,22,3,0,16,17,30,4,1,11,0,7,0,280
10,2,2,9,26,7,2,12,12,0,1,8,4,13,16,2,0,6,12,20,5,2,1,1,3,0,176
5,0,1,6,5,2,1,5,4,0,0,2,1,4,3,0,0,3,6,4,2,1,2,0,1,0,58
0,1,0,0,2,0,0,0,0,0,0,0,0,1,0,0,0,0,0,0,0,0,0,0,0,0,4
0,0,0,0,0,0,0,0,0,0,0,0,0,0,0,0,0,0,0,0,0,0,0,0,0,0,0
8,2,3,2,7,1,0,5,0,0,0,2,1,3,3,2,1,3,2,3,3,0,1,0,2,0,54
14,4,3,7,12,6,9,11,19,0,2,4,8,15,9,2,0,6,10,14,3,0,3,0,0,0,161
3,1,0,1,1,2,2,2,4,0,0,0,0,2,2,0,0,3,2,3,1,0,1,1,0,0,31
2,1,3,1,6,0,0,0,2,0,0,2,0,0,3,0,1,5,1,3,2,1,0,0,1,0,34
8,2,1,10,17,1,3,11,9,0,1,8,1,7,8,2,0,3,11,6,0,2,2,1,1,1,116
7,0,3,3,9,4,0,4,5,0,0,3,4,4,8,0,0,6,3,5,1,3,2,0,2,0,76
4,1,0,6,8,1,0,4,3,0,1,2,1,3,5,0,0,4,2,6,1,1,4,0,3,0,60
3,2,0,3,4,0,0,2,7,0,0,8,2,2,1,0,0,2,1,4,2,0,6,1,0,0,50
12,0,4,8,19,4,3,11,12,0,2,5,4,13,13,5,0,5,6,17,4,2,6,0,4,0,159
6,1,3,1,6,1,1,2,3,0,1,1,1,5,5,1,0,2,0,1,0,2,2,0,1,0,46
5,3,1,2,7,1,0,4,1,0,1,0,0,2,3,0,0,2,1,2,0,1,4,1,0,0,41
3,0,1,1,2,0,0,1,3,0,0,1,0,0,2,0,1,3,3,3,2,1,0,0,1,0,28
8,3,0,6,16,4,2,9,7,0,1,8,3,5,6,3,0,6,5,8,4,1,1,1,4,0,111
7,1,1,5,5,2,1,3,7,0,0,3,3,7,4,0,0,3,1,4,1,0,1,0,1,0,60
3,1,2,1,6,4,0,6,5,0,1,1,3,0,4,0,0,5,4,10,2,0,1,0,0,0,59
7,1,2,3,14,0,1,6,2,0,0,3,1,5,3,2,1,4,5,7,2,1,2,0,2,0,74
6,1,0,2,7,3,5,5,4,0,0,3,1,7,0,0,0,3,2,4,2,0,2,0,1,0,58
7,0,1,3,8,1,1,4,5,0,0,2,1,4,0,1,0,2,4,5,0,1,1,0,0,0,51
13,0,4,5,12,1,3,8,8,0,0,6,5,10,8,1,0,5,3,16,2,1,1,0,2,0,114
13,2,2,6,19,3,2,7,3,0,1,9,2,8,7,2,0,6,5,5,2,3,4,1,0,0,112
0,0,0,0,0,0,0,0,0,0,0,0,0,0,0,0,0,0,0,0,0,0,0,0,0,0,0
2,1,2,1,11,0,1,3,3,0,0,2,0,3,7,1,0,5,4,5,0,2,3,0,1,0,57
5,0,2,2,8,4,4,2,4,0,0,1,1,6,4,2,0,3,5,2,1,0,1,0,0,0,57
17,6,7,10,19,4,1,10,8,0,0,10,2,12,14,3,0,6,6,17,4,1,7,0,1,0,165
5,1,3,4,11,1,1,6,2,0,0,0,0,5,4,0,0,6,0,4,0,0,2,0,0,0,55
6,1,2,1,12,7,3,4,5,1,1,2,1,10,8,1,0,7,4,8,3,0,1,0,0,0,88
13,1,3,3,16,4,1,11,7,0,2,4,3,5,7,2,0,4,8,13,2,1,4,0,2,0,116
4,0,3,1,8,3,1,7,3,0,0,0,3,1,4,1,0,4,4,7,3,0,1,0,0,0,58
1,0,1,2,6,2,2,4,6,0,0,1,0,6,6,1,0,4,7,4,3,1,1,0,1,0,59
7,2,0,2,7,2,1,1,2,0,0,3,1,6,4,3,0,1,3,4,2,0,1,1,0,0,53
21,4,5,11,27,3,8,8,15,1,2,10,5,20,19,8,1,19,12,13,5,1,5,0,4,0,227
19,2,4,11,22,1,5,14,14,1,1,16,5,11,5,5,0,5,8,10,2,1,3,0,6,0,171
4,1,2,2,7,1,1,0,4,0,0,2,2,4,5,3,0,4,2,3,0,0,2,0,1,0,50
27,1,5,15,33,7,0,15,14,0,4,13,6,21,30,4,0,17,13,29,8,2,11,0,5,0,280
8,0,3,0,7,0,0,2,1,0,1,2,3,6,5,1,1,2,4,6,4,0,0,0,0,0,56
5,0,3,5,9,0,1,3,2,0,1,2,2,7,6,2,0,5,1,2,1,0,0,0,0,0,57
3,2,1,2,3,1,0,3,1,0,0,2,0,1,4,1,0,0,2,2,1,0,1,0,1,0,31
10,4,0,2,20,1,3,7,3,0,0,9,3,9,10,3,1,5,4,11,1,2,6,0,1,0,115
7,2,2,1,7,1,1,3,1,0,1,1,0,4,5,1,0,2,1,6,0,2,2,0,4,0,54
19,4,5,17,27,0,4,13,14,0,4,11,3,18,16,5,0,12,12,19,3,2,7,1,4,0,220
0,0,0,0,0,0,0,0,0,0,0,0,0,0,0,0,0,0,0,0,0,0,0,0,0,0,0
6,1,0,2,4,1,4,2,2,0,1,2,1,3,6,2,0,5,3,2,2,0,4,0,0,1,54
6,0,0,4,9,0,1,3,2,0,0,0,0,3,1,2,0,2,4,7,4,1,2,1,0,0,52
4,3,1,3,8,0,1,2,5,0,1,2,1,8,7,1,0,1,3,8,1,0,3,0,1,0,64
42,8,9,19,49,5,5,22,21,0,2,18,7,34,24,5,1,28,20,41,11,3,12,0,6,0,392
26,4,4,17,26,3,4,13,15,1,3,9,11,20,20,2,1,8,15,19,8,0,8,1,3,2,243
5,1,1,3,9,1,1,1,2,0,0,2,4,4,3,0,0,4,3,5,2,2,1,0,1,0,55
5,0,2,1,9,2,0,8,3,0,0,2,2,3,3,0,0,3,3,8,0,0,2,0,1,0,57
4,1,1,4,7,2,2,7,1,0,0,0,5,3,3,0,0,3,1,6,1,0,2,0,1,0,54
14,1,5,6,11,1,1,9,4,0,2,12,5,9,12,0,0,7,5,12,2,0,3,1,2,0,124
0,0,0,0,0,0,0,0,0,0,0,0,0,0,0,0,0,0,0,0,0,0,0,0,0,0,0
0,0,0,0,0,0,0,0,0,0,0,0,0,0,0,0,0,0,0,0,0,0,0,0,0,0,0
1,0,1,0,1,0,0,1,0,0,0,0,0,0,0,1,0,1,0,1,0,0,0,0,0,0,7
0,0,0,0,0,0,0,0,0,0,0,0,0,0,0,0,0,0,0,0,0,0,0,0,0,0,0
5,1,0,2,6,1,2,5,4,0,0,3,1,3,4,1,0,2,4,6,0,0,1,1,1,0,53
9,3,2,9,18,6,1,3,8,0,2,4,2,7,9,1,0,8,2,10,2,2,3,1,3,0,115
3,1,0,1,9,0,1,5,5,0,0,2,0,8,5,1,0,1,3,7,2,1,2,0,0,0,57
6,1,2,3,7,1,1,4,3,0,0,5,2,0,6,1,0,5,0,8,1,3,0,0,1,0,60
9,7,3,9,20,3,3,15,7,1,1,5,3,8,16,3,0,12,12,13,5,1,5,2,1,0,164
4,1,0,3,9,1,0,4,6,0,0,6,2,5,4,0,0,1,3,5,0,0,1,0,1,0,56
3,1,1,2,12,2,1,3,1,0,0,2,1,2,2,0,0,6,0,3,1,0,2,0,1,0,46
11,2,1,4,16,7,5,6,8,0,0,4,3,8,6,1,0,9,6,10,1,1,5,1,0,0,115
12,2,0,6,20,5,4,3,5,0,0,4,1,13,9,3,0,6,8,5,2,2,0,0,1,0,111
21,7,6,16,29,8,4,10,8,1,0,8,4,15,17,2,0,18,11,19,9,0,3,0,3,1,220
20,5,3,10,19,9,1,9,15,0,0,10,3,16,18,8,0,12,14,13,8,1,7,1,6,0,208
8,0,1,3,7,1,0,5,3,0,0,4,1,3,2,0,0,2,5,4,0,0,4,0,0,0,53
19,2,7,11,29,5,5,10,18,0,0,9,2,19,19,6,2,13,11,16,5,3,3,2,4,0,220
27,4,5,8,38,8,4,12,17,3,2,5,10,20,21,5,1,19,19,28,9,3,5,0,6,0,279
5,0,1,4,7,0,0,6,6,0,0,3,2,2,4,2,0,4,1,6,0,2,0,0,1,0,56
0,0,0,0,0,0,0,0,0,0,0,0,0,0,0,0,0,0,0,0,0,0,0,0,0,0,0
7,0,0,3,5,0,0,7,2,1,0,0,2,4,4,1,0,3,4,7,1,0,0,0,4,0,55
18,2,1,10,26,8,4,14,14,0,2,10,3,12,16,2,1,23,13,26,6,5,5,0,6,0,227
5,0,0,5,7,3,0,3,2,1,0,5,3,2,8,0,0,3,4,5,1,0,0,0,0,0,57
27,7,2,19,48,7,3,20,11,0,2,14,1,21,17,2,1,13,18,29,7,2,12,0,12,0,295
2,0,0,1,9,2,0,4,1,0,0,0,4,4,6,0,0,4,3,6,4,0,3,0,1,0,54
4,1,1,3,4,0,3,2,5,0,0,5,1,4,5,2,0,3,3,6,5,0,0,0,3,0,60
12,4,0,2,16,1,4,5,6,0,0,4,2,8,8,5,0,5,9,11,2,0,5,0,2,0,111
13,7,7,8,33,4,6,17,17,0,3,6,6,20,15,3,0,16,9,18,8,1,4,1,3,0,225
5,1,1,2,4,1,3,4,6,0,0,2,3,3,5,1,0,3,3,6,3,0,1,0,2,0,59
19,0,0,6,8,1,2,8,7,0,0,7,4,9,8,3,0,3,7,14,2,0,3,0,1,0,112
5,2,0,2,15,1,4,4,6,0,0,2,0,6,5,1,0,8,4,5,1,3,3,0,1,0,78
7,1,2,2,4,4,0,4,2,0,0,4,2,1,3,0,0,4,6,4,3,0,1,0,3,0,57
2,2,2,2,8,1,0,4,2,0,1,2,2,2,6,0,0,5,3,4,0,0,1,0,0,0,49
7,2,2,3,5,1,3,1,4,0,0,2,0,5,4,2,0,3,5,2,3,1,1,0,1,0,57
20,2,6,9,25,5,5,16,11,0,0,14,6,16,18,5,0,15,14,20,6,0,4,0,1,0,218
12,1,5,6,10,5,2,6,4,0,1,1,1,5,11,4,0,7,9,14,3,0,3,1,1,0,112
4,2,3,1,11,0,1,8,2,0,2,1,1,3,2,1,0,4,3,6,2,0,0,0,2,0,59
9,4,3,8,20,2,1,2,7,0,0,6,2,9,4,0,0,10,6,7,4,2,2,0,1,0,109
0,0,0,0,0,0,0,0,0,0,0,0,0,0,0,0,0,0,0,0,0,0,0,0,0,0,0
3,1,2,2,8,3,4,2,5,0,0,1,2,5,4,2,0,2,2,5,2,0,2,0,0,0,57
7,1,2,0,6,2,2,2,5,0,0,1,1,8,3,2,0,5,2,5,1,0,1,0,2,0,58
9,3,3,7,18,4,0,9,7,1,0,5,4,6,5,0,0,6,12,9,3,1,3,0,1,0,116
2,1,2,3,7,1,0,5,4,0,1,2,2,3,6,0,0,0,5,5,0,0,2,0,1,0,52
42,10,6,22,49,12,8,25,23,0,2,20,8,33,31,11,0,32,20,23,9,4,20,0,11,0,421
19,6,6,12,38,6,4,18,8,0,1,7,6,11,17,5,0,16,13,19,2,0,5,0,5,0,224
15,2,6,6,19,4,2,11,9,1,1,6,7,11,13,5,0,10,9,19,5,1,4,0,0,0,166
20,4,8,10,34,4,4,18,9,0,4,11,6,18,14,5,0,15,10,19,1,1,4,1,3,0,223
19,1,10,9,24,8,3,12,13,0,0,7,3,20,27,8,1,13,15,17,5,2,3,0,1,0,221
19,1,2,12,33,6,5,11,11,0,0,4,8,18,17,5,0,8,16,22,3,1,6,0,2,0,210
11,6,3,8,26,5,6,7,9,1,0,10,5,10,13,0,0,11,8,18,6,0,4,0,5,0,172
7,1,1,3,13,4,2,10,8,0,1,2,1,6,9,1,1,8,14,15,2,0,6,0,1,0,116
0,0,0,0,0,0,0,0,0,0,0,0,0,0,0,0,0,0,0,0,0,0,0,0,0,0,0
1,0,3,2,9,4,3,6,2,0,1,2,0,5,5,0,0,4,0,8,3,0,1,0,0,0,59
6,2,0,0,15,3,2,5,3,0,0,5,2,0,3,2,0,5,2,13,0,0,2,0,2,0,72
21,2,7,7,21,1,1,4,11,0,0,9,6,14,10,5,0,7,9,12,4,1,5,0,4,0,161
27,9,8,15,36,6,4,18,16,2,0,15,8,17,19,6,0,9,19,26,6,3,8,0,6,0,283
6,1,2,4,8,2,1,7,2,0,0,2,1,3,3,0,0,3,1,7,1,0,1,0,0,0,55
9,5,3,5,17,3,1,9,9,0,1,10,4,12,10,2,0,3,10,8,2,2,5,0,2,0,132
11,1,2,6,21,4,1,6,4,0,0,5,5,8,4,2,1,8,9,7,4,2,1,0,2,0,114
8,1,1,5,5,0,1,1,3,0,2,1,1,5,3,0,0,4,4,4,2,1,1,0,1,0,54
11,3,3,5,15,1,3,12,8,1,4,10,4,12,14,6,0,6,10,13,9,0,6,0,5,0,161
4,0,2,3,8,1,0,5,3,0,1,2,0,1,4,0,0,3,3,8,2,0,0,0,1,0,51
19,2,5,8,33,7,8,17,10,0,1,11,6,18,18,4,0,16,13,14,7,6,3,0,4,0,230
4,1,0,3,10,0,1,4,5,0,0,3,2,5,2,0,0,4,3,2,1,2,2,0,2,0,56
28,4,5,13,31,6,6,15,19,1,1,16,8,15,23,2,0,15,19,35,10,0,11,1,6,0,290
17,2,1,10,25,6,2,16,8,0,4,11,4,6,12,2,0,16,7,12,4,2,5,1,1,0,174
0,0,0,0,0,0,0,0,0,0,0,0,0,0,0,0,0,0,0,0,0,0,0,0,0,0,0
3,0,2,1,5,1,3,5,4,0,0,1,3,3,4,1,0,3,5,5,1,0,2,0,1,0,53
3,3,1,3,9,4,0,2,4,0,0,1,0,5,6,0,0,7,2,4,3,1,1,1,0,0,60
22,2,2,9,17,0,4,19,14,0,0,5,0,13,5,2,0,6,17,21,2,0,6,0,3,0,169
2,1,1,2,10,0,0,6,3,0,2,2,1,3,3,2,0,3,4,4,2,1,2,1,0,0,55
21,5,11,10,47,7,9,21,22,1,3,11,12,22,27,7,1,19,22,31,6,3,9,2,1,0,330
12,3,2,6,9,2,3,10,7,0,0,3,0,7,11,5,0,5,6,11,1,0,3,1,1,0,108
3,1,2,1,7,1,0,1,1,0,0,1,1,5,4,1,0,1,3,3,2,0,2,0,0,0,40
4,0,0,3,8,1,1,2,2,0,0,1,4,7,3,0,0,6,2,3,5,1,0,0,0,0,53
18,2,3,10,25,3,8,14,12,0,0,8,5,19,18,4,0,9,11,18,8,0,7,2,1,0,205
5,1,0,1,7,2,0,7,1,0,1,4,2,3,5,0,0,3,2,7,3,0,1,0,0,0,55
13,4,5,13,32,4,1,17,14,0,3,8,4,7,15,2,0,11,18,22,4,2,5,1,2,1,208
1,1,1,1,4,0,0,2,1,0,0,0,0,0,3,0,0,3,1,0,1,0,1,1,1,0,22
4,1,1,2,5,0,1,1,8,0,2,1,2,4,4,0,0,2,3,6,1,1,1,1,1,0,52
2,2,0,2,7,1,1,4,7,0,0,5,2,2,5,1,0,2,2,7,2,0,3,0,2,0,59
6,0,3,2,5,1,1,3,2,0,0,2,2,6,8,0,0,2,3,6,2,0,0,0,2,0,56
7,2,0,4,14,1,3,7,9,1,1,7,4,7,10,2,0,9,3,14,2,0,3,0,3,0,113
4,1,1,1,4,0,0,0,2,0,0,0,4,3,3,1,0,0,1,2,0,0,0,0,0,0,27
7,1,2,4,11,0,1,4,1,0,0,5,2,4,4,3,1,3,5,5,3,1,2,0,1,0,70
0,0,0,0,0,0,0,0,0,0,0,0,0,0,0,0,0,0,0,0,0,0,0,0,0,0,0
7,1,2,2,8,1,1,4,4,0,1,4,4,1,4,0,0,3,2,6,1,1,0,0,1,0,58
5,1,1,3,8,0,0,2,2,1,0,4,2,7,4,0,1,3,2,1,1,1,3,0,2,0,54
20,2,3,8,20,7,2,12,10,0,2,8,3,10,12,6,2,11,8,15,6,1,3,1,3,0,175
1,0,0,2,8,3,0,2,3,0,1,2,2,3,9,1,0,4,8,7,1,0,1,0,1,0,59
21,3,1,7,22,4,3,8,10,0,1,14,6,14,10,2,0,9,8,19,1,1,3,2,2,0,171
19,4,8,11,24,6,3,14,15,0,3,9,6,19,18,0,1,14,10,18,7,3,2,1,4,0,219
4,1,2,3,8,2,1,5,3,0,0,2,1,2,5,0,0,4,2,5,1,1,4,1,1,0,58
6,1,2,3,6,1,1,3,3,0,1,4,2,3,4,1,0,2,3,5,0,1,1,0,0,0,53
5,2,0,4,4,2,1,2,2,1,0,0,2,2,4,2,0,4,1,1,0,0,1,0,0,0,40
18,4,6,13,30,4,3,17,22,0,2,11,7,17,13,2,0,9,12,23,2,2,4,3,4,0,228
21,5,4,21,53,12,5,27,22,1,2,9,8,18,27,9,0,21,15,35,6,4,6,2,6,0,339
2,1,0,0,4,1,0,2,0,0,0,2,0,0,1,1,0,1,1,4,0,0,0,0,0,0,20
22,6,5,11,35,7,7,16,21,2,3,10,9,22,21,5,0,16,10,21,6,4,11,1,5,0,276
9,1,2,5,20,2,1,9,12,1,0,2,4,7,3,1,0,4,7,14,0,3,2,1,2,0,112
14,4,6,6,18,5,5,10,11,0,6,2,4,8,13,1,2,13,6,13,7,0,5,1,3,0,163
0,0,0,0,0,0,0,0,0,0,0,0,0,0,0,0,0,0,0,0,0,0,0,0,0,0,0
5,1,1,4,6,0,2,2,4,0,0,3,0,5,4,0,0,4,5,5,0,1,3,0,1,0,56
4,1,1,2,5,0,2,2,5,0,1,4,1,6,6,0,0,4,4,5,0,1,3,0,1,0,58
3,1,0,1,2,0,0,0,0,0,0,2,1,1,1,1,0,1,3,2,0,0,1,1,1,0,22
3,2,2,5,7,0,1,4,1,0,0,1,1,3,6,0,0,4,2,3,2,1,1,1,2,0,52
0,1,0,1,1,0,1,0,0,0,0,0,0,0,2,0,0,0,0,0,0,0,0,0,1,0,7
9,1,1,5,10,5,2,10,8,1,0,5,4,11,15,2,0,4,11,13,3,1,3,0,1,0,125
15,3,1,9,19,1,2,10,7,1,0,6,4,8,4,3,0,5,10,10,6,1,2,0,1,0,128
3,1,0,4,6,1,3,2,4,0,0,6,2,4,4,0,0,5,4,1,2,0,1,0,0,0,53
3,1,0,5,8,0,0,1,3,0,1,4,1,6,4,2,0,1,3,1,2,0,0,0,1,0,47
7,1,1,2,7,0,1,4,1,0,3,0,1,5,2,0,0,4,3,8,1,0,1,1,1,0,54
6,1,1,0,3,2,0,4,2,0,0,3,5,4,6,0,0,6,3,6,1,0,0,0,1,0,54
10,1,2,5,11,3,1,9,6,0,0,5,3,4,12,4,0,6,7,14,3,3,2,1,2,0,114
4,1,3,2,10,2,2,4,0,0,0,2,0,3,6,1,0,6,1,6,0,3,1,0,1,0,58
20,7,5,11,27,2,2,17,12,1,1,5,4,8,17,5,0,15,13,23,5,2,5,5,0,0,212
1,3,4,1,9,0,2,0,5,0,1,3,0,1,6,0,1,6,0,5,3,2,0,2,1,0,56
2,0,0,1,3,0,1,2,1,0,1,0,0,1,3,0,0,2,0,4,2,0,0,0,3,0,26
4,2,1,0,6,1,2,3,1,0,1,3,1,2,6,1,0,2,1,9,4,1,0,1,1,0,53
21,2,3,13,20,3,3,11,8,0,0,3,5,9,8,3,0,13,8,13,3,1,9,1,2,0,162
3,0,0,4,5,3,2,3,4,0,0,0,3,6,6,0,0,3,5,3,3,1,1,0,1,0,56
25,4,6,15,30,8,5,22,15,0,4,5,12,17,23,4,0,11,19,23,5,3,11,1,3,0,271
0,0,0,0,0,0,0,0,0,0,0,0,0,0,0,0,0,0,0,0,0,0,0,0,0,0,0
2,2,0,4,5,0,0,5,2,0,1,0,0,2,6,1,0,3,3,9,4,0,1,0,1,0,51
24,5,5,9,29,3,7,14,13,0,2,3,4,17,16,5,1,15,9,25,6,2,5,1,1,0,221
7,1,0,4,7,0,2,1,4,0,0,1,0,5,3,3,0,5,3,1,0,1,2,1,1,0,52
11,0,3,7,15,1,2,8,11,0,0,5,0,10,7,2,0,5,5,12,2,3,2,0,2,0,113
6,2,2,3,15,0,1,7,2,0,0,2,1,7,6,1,1,6,8,7,4,0,1,1,0,0,83
39,3,4,17,49,9,7,21,29,0,2,18,10,21,27,7,1,25,31,28,1,7,16,0,5,0,377
7,0,3,9,19,3,2,4,7,0,0,8,4,7,6,1,1,6,12,6,5,0,0,0,2,0,112
0,1,1,2,6,1,0,1,0,0,0,0,0,0,2,1,0,2,0,0,0,0,0,0,0,0,17
25,4,9,13,24,3,2,18,11,1,4,9,8,9,20,1,0,11,11,20,7,2,6,3,2,0,223
13,4,3,8,19,1,4,7,18,0,5,10,3,13,6,3,1,7,15,13,6,1,3,0,5,0,168
5,3,1,3,9,0,0,3,0,0,0,3,1,3,4,1,0,3,0,7,1,1,0,0,0,0,48
6,1,0,1,9,0,0,3,3,0,0,5,1,4,2,3,0,3,3,3,1,3,1,1,3,0,56
12,3,1,6,16,1,2,11,4,0,3,1,2,9,9,3,0,7,4,14,3,1,3,0,4,0,119
8,2,1,5,19,2,2,8,6,0,0,5,2,6,7,1,1,9,6,9,3,2,3,1,1,0,109
5,1,4,5,12,1,0,5,6,0,0,1,2,3,1,1,0,4,2,1,0,2,1,1,0,0,58
0,0,0,0,0,0,0,0,0,0,0,0,0,0,0,0,0,0,0,0,0,0,0,0,0,0,0
6,1,1,3,3,0,1,6,3,0,0,2,0,2,7,2,0,1,4,10,3,0,1,0,0,0,56
7,0,1,5,8,2,0,5,2,0,0,1,1,1,4,2,0,6,4,7,0,0,2,0,1,0,59
5,1,0,4,7,0,1,7,1,0,0,1,1,0,1,3,0,1,1,8,1,0,0,0,2,0,45
9,1,1,5,10,2,3,6,7,0,0,4,3,15,15,4,0,7,4,8,3,0,1,1,1,0,110
29,11,4,21,47,7,5,16,20,0,2,11,14,25,26,5,1,27,16,21,6,2,7,4,1,0,328
6,0,2,2,5,0,1,4,5,0,0,2,3,2,3,1,0,3,4,1,0,1,2,1,2,0,50
4,0,0,3,1,0,0,1,2,0,0,4,1,2,5,1,0,0,2,2,1,0,3,0,0,0,32
5,1,1,3,6,2,1,2,1,0,0,0,1,4,6,3,1,5,1,4,2,2,0,0,1,0,52
16,2,4,12,21,3,5,9,10,0,2,11,1,13,15,1,1,9,7,12,7,3,7,0,1,0,172
4,1,1,2,8,3,1,4,3,0,0,1,2,4,6,0,0,6,6,4,2,0,1,0,0,0,59
7,1,2,6,16,3,2,11,4,0,1,3,4,9,15,1,1,8,6,11,3,1,5,0,4,0,124
0,0,0,0,0,0,0,0,0,0,0,0,0,0,0,0,0,0,0,0,0,0,0,0,0,0,0
0,0,0,0,0,0,0,0,0,0,0,0,0,0,0,0,0,0,0,0,0,0,0,0,0,0,0
1,0,1,0,1,0,0,1,0,0,0,0,0,0,0,1,0,1,0,1,0,0,0,0,0,0,7
0,0,0,0,0,0,0,0,0,0,0,0,0,0,0,0,0,0,0,0,0,0,0,0,0,0,0
7,1,1,3,9,1,0,3,2,0,0,3,2,4,2,1,0,2,8,4,0,1,1,0,2,0,57
8,4,3,4,23,1,0,6,3,1,0,4,6,8,8,1,0,7,4,6,0,2,3,1,1,0,104
0,1,0,0,2,1,1,1,1,0,0,0,1,1,1,1,0,1,1,1,1,0,0,0,0,0,15
5,2,1,5,11,0,0,1,3,2,0,4,1,3,3,1,0,3,5,1,2,0,3,0,0,0,56
6,1,1,5,8,1,0,5,5,0,0,0,1,6,4,1,0,4,1,5,1,0,0,0,1,0,56
13,4,3,4,20,5,4,9,7,1,1,4,3,13,15,2,0,9,12,19,3,1,11,2,5,0,170
9,0,2,3,7,2,1,2,5,0,1,4,1,4,2,0,0,3,2,7,1,1,0,0,1,0,58
11,2,2,4,13,4,1,2,2,0,0,3,2,12,12,5,0,9,6,7,5,0,3,0,1,0,106
15,4,6,6,27,5,2,9,9,1,0,8,6,9,12,1,1,10,12,16,8,2,3,2,4,2,180
14,1,3,3,20,1,2,7,4,0,0,2,5,9,6,1,0,11,7,8,2,0,3,1,3,0,113
17,11,3,16,37,6,5,17,14,0,1,8,7,20,27,5,0,21,19,18,6,5,8,0,4,0,275
5,3,2,2,12,0,1,6,1,0,0,3,0,3,2,2,0,3,0,11,0,1,0,0,3,0,60
10,4,5,6,19,6,0,10,10,0,0,12,6,6,13,4,0,10,7,15,6,2,4,0,5,0,160
7,5,1,6,15,3,4,6,6,0,1,3,4,9,9,3,0,9,5,7,2,1,4,0,1,0,111
5,1,3,4,7,2,0,3,2,0,0,6,3,3,1,1,0,1,4,5,2,0,1,0,1,0,55
12,3,1,9,12,2,3,9,8,0,0,3,3,8,7,2,0,4,9,6,3,2,3,0,2,0,111
0,0,0,0,0,0,0,0,0,0,0,0,0,0,0,0,0,0,0,0,0,0,0,0,0,0,0
4,1,1,4,7,2,1,3,2,0,0,4,1,3,4,0,0,4,1,4,1,1,2,0,0,0,50
19,5,4,12,21,4,5,13,19,0,1,14,6,18,15,2,0,12,13,16,7,0,11,1,3,0,221
6,0,3,2,6,0,2,6,4,0,0,5,2,3,3,0,0,2,3,10,1,0,1,0,0,0,59
6,1,1,5,10,0,1,2,0,0,2,3,0,4,4,0,0,4,0,5,1,0,3,0,1,0,53
13,0,3,7,9,2,3,7,11,0,1,6,2,11,7,4,0,7,9,7,4,1,1,0,3,0,118
3,0,1,2,6,1,2,7,3,0,0,0,3,1,5,0,0,4,3,5,2,0,3,0,0,0,51
4,0,3,0,9,2,2,4,4,0,1,2,3,3,3,2,0,4,5,4,1,1,0,1,1,0,59
36,2,4,17,46,9,8,21,22,0,4,12,9,26,30,10,2,28,34,35,11,3,10,3,6,0,388
4,0,0,2,10,1,1,2,1,0,0,1,3,3,3,1,0,5,5,4,1,0,1,0,0,0,48
5,1,3,3,6,0,1,5,4,0,0,2,0,3,5,2,0,3,4,4,0,1,3,0,2,0,57
15,4,4,9,33,8,4,13,11,0,0,6,4,11,16,5,1,20,11,18,6,2,8,0,6,0,215
8,0,0,1,6,3,0,5,3,0,1,2,0,1,3,0,0,4,7,5,0,0,3,0,2,0,54
9,5,2,12,42,3,3,16,13,0,2,11,11,15,13,2,0,19,9,22,4,0,5,0,10,0,228
10,5,7,5,31,3,5,18,15,1,0,11,3,17,17,5,1,14,16,20,6,2,8,2,5,0,227
6,2,0,3,10,0,3,3,3,0,0,1,2,5,1,0,0,4,3,12,0,1,1,0,1,0,61
5,3,3,4,11,3,2,5,7,1,0,8,3,11,10,3,0,3,7,8,4,0,1,0,3,0,105
0,0,0,0,0,0,0,0,0,0,0,0,0,0,0,0,0,0,0,0,0,0,0,0,0,0,0
4,1,0,3,9,2,2,4,4,0,1,3,2,5,4,0,0,4,2,5,0,2,1,0,1,0,59
1,3,3,2,9,0,1,5,1,0,0,1,2,3,4,1,0,7,2,2,4,1,1,0,0,0,53
6,2,0,3,7,2,1,2,5,0,0,4,1,5,3,2,0,1,3,4,1,0,1,0,0,0,53
4,0,0,1,12,1,1,3,1,0,0,2,2,5,4,2,0,4,2,4,1,4,0,0,2,0,55
8,2,1,1,14,4,2,6,10,0,0,8,5,13,7,1,0,7,5,8,2,1,2,0,3,0,110
5,1,0,4,8,1,1,1,1,0,0,2,2,9,6,1,0,1,1,4,0,1,1,0,1,0,51
20,4,2,9,35,4,7,18,8,0,1,8,8,15,10,2,0,14,10,25,4,3,8,0,4,0,219
19,5,5,16,31,6,2,18,10,2,0,8,7,17,16,2,0,10,11,18,4,2,5,1,2,0,217
13,7,2,9,27,7,8,11,20,0,0,12,10,22,14,2,0,3,13,20,6,3,7,0,3,0,219
10,0,2,1,10,1,0,4,2,0,0,2,1,4,1,0,0,5,2,9,0,1,1,0,3,0,59
4,0,0,4,4,1,3,4,5,0,1,2,2,4,6,0,0,2,1,6,3,1,2,0,0,0,55
6,2,0,3,9,1,0,7,3,0,0,3,0,3,3,1,0,4,2,7,0,1,1,0,0,0,56
22,2,7,6,36,7,5,13,10,0,2,14,8,18,15,1,1,19,12,25,10,1,9,0,8,0,251
24,5,5,15,68,7,7,35,22,0,1,13,12,20,24,7,2,29,21,35,11,4,15,0,6,0,388
5,0,0,0,7,3,2,5,2,0,0,1,2,2,4,1,1,5,3,7,1,0,3,0,0,0,54
7,0,3,4,10,1,3,6,5,0,0,0,1,5,3,1,0,3,5,3,0,2,4,0,3,0,69
0,0,0,0,0,0,0,0,0,0,0,0,0,0,0,0,0,0,0,0,0,0,0,0,0,0,0
6,0,0,2,11,1,1,5,2,1,0,1,0,6,1,2,0,3,4,7,2,1,2,0,0,0,58
8,1,1,3,5,2,1,4,5,0,3,1,3,4,2,0,0,4,2,3,0,0,3,0,1,0,56
17,2,3,11,19,3,6,11,16,0,2,9,3,13,11,3,0,11,12,15,3,2,1,0,1,0,174
4,0,1,2,6,0,0,5,0,0,0,1,0,2,1,0,0,2,2,4,0,1,2,0,2,0,35
3,0,0,1,1,0,3,2,5,0,1,2,0,3,1,1,0,0,3,1,0,0,2,0,0,0,29
6,0,0,2,6,0,1,2,3,0,1,4,0,1,3,0,2,2,5,7,4,0,3,0,2,0,54
2,3,2,1,4,1,1,3,7,0,1,2,0,4,4,4,0,3,4,7,3,0,1,0,0,0,57
20,2,3,11,28,7,6,14,10,0,3,14,6,13,23,3,0,14,12,20,6,2,5,0,3,0,225
14,3,8,8,17,6,4,8,8,0,3,10,6,11,12,1,0,10,10,9,6,1,3,0,6,0,164
6,0,3,3,4,1,4,4,6,1,0,3,2,3,2,1,0,2,5,6,2,0,1,0,2,0,61
1,1,0,2,0,0,3,2,3,0,0,2,2,2,3,0,0,1,2,0,1,0,0,0,0,0,25
2,0,1,1,3,0,0,3,4,0,0,0,0,1,1,1,0,4,1,3,0,0,1,0,0,0,26
5,0,1,6,11,1,2,4,4,0,0,3,1,2,1,0,0,4,2,5,1,0,1,0,1,1,56
5,0,2,3,4,1,2,4,4,0,0,5,2,4,4,1,0,3,3,4,1,0,2,0,2,0,56
5,0,1,5,7,0,1,6,1,0,0,1,1,3,3,1,0,3,3,5,3,0,3,0,0,0,52
2,0,1,2,5,4,0,5,3,0,1,0,2,6,5,1,0,2,3,4,0,0,3,0,0,0,49
2,1,0,4,10,3,2,5,5,0,0,1,0,3,6,2,0,5,2,7,0,2,0,0,1,0,61
6,1,3,3,14,2,5,7,7,1,0,2,4,8,9,4,0,9,5,13,4,3,2,0,2,0,114
9,2,0,1,7,1,3,5,3,0,0,4,3,5,6,1,0,2,5,12,4,0,0,0,0,0,73
0,3,0,3,12,3,9,0,0,0,0,6,0,0,12,0,0,6,6,9,3,0,3,0,0,0,75
1,1,0,1,8,2,1,4,6,0,0,0,2,5,4,3,0,1,3,9,2,1,2,0,1,0,57
5,0,2,5,8,1,0,5,1,0,0,0,0,3,4,2,1,3,3,8,2,0,1,0,1,0,55
4,1,2,2,3,1,1,4,2,0,1,0,2,1,2,1,0,2,2,2,1,0,0,0,0,0,34
0,0,0,0,0,0,0,0,0,0,0,0,0,0,0,0,0,0,0,0,0,0,0,0,0,0,0
4,1,0,3,6,1,1,3,4,1,1,4,1,6,5,0,0,2,4,3,3,0,1,0,0,2,56
3,0,1,3,8,0,2,4,4,0,1,3,2,4,5,0,0,4,2,4,1,2,1,0,3,0,57
10,2,1,8,24,2,7,11,10,0,0,5,6,13,9,0,0,8,6,24,3,1,7,0,2,1,160
18,3,2,6,24,4,3,11,12,1,1,7,7,13,8,2,0,6,13,19,4,3,6,0,4,0,177
11,2,4,4,19,1,2,8,6,1,1,4,4,15,10,1,0,9,5,14,2,0,6,1,0,0,130
5,0,0,0,2,0,0,0,1,0,0,4,1,1,0,0,1,1,1,0,1,0,0,0,0,0,18
5,1,0,0,5,0,0,2,1,0,0,2,3,2,3,0,1,3,3,3,2,0,0,0,0,0,36
19,1,1,9,32,3,8,15,15,0,2,8,4,15,11,5,0,17,16,29,3,2,7,1,1,0,224
2,3,1,4,1,0,0,2,8,1,0,3,1,4,5,1,0,4,4,8,2,0,0,0,1,0,55
5,0,0,1,10,1,3,3,2,0,0,3,2,8,4,1,0,4,6,3,1,0,2,0,0,0,59
1,0,0,0,6,0,1,5,5,1,1,0,2,6,6,3,0,1,4,5,1,1,2,0,0,0,51
3,1,1,2,6,2,0,4,1,0,0,3,2,4,7,2,0,2,3,5,2,0,1,0,0,0,51
16,3,6,7,21,1,5,9,10,1,2,5,1,10,6,4,0,11,12,8,3,1,5,0,1,0,148
5,1,1,2,8,2,1,2,1,0,1,1,1,4,6,1,0,5,1,6,2,1,1,0,0,0,53
22,3,3,15,44,12,11,20,27,0,3,11,10,24,22,6,0,26,13,27,6,4,9,1,7,0,326
4,1,1,2,5,2,4,3,3,0,0,2,2,5,3,0,0,3,3,5,3,1,0,0,0,0,52
7,1,4,6,14,2,2,8,9,0,1,4,3,9,6,2,0,5,7,9,5,1,3,0,2,0,110
0,0,0,0,0,0,0,0,0,0,0,0,0,0,0,0,0,0,0,0,0,0,0,0,0,0,0
5,1,0,1,7,2,2,3,5,0,0,1,4,7,3,0,0,3,3,6,1,0,2,0,0,0,56
7,2,3,2,12,2,2,4,5,0,0,3,2,4,7,2,2,5,6,8,3,0,1,0,3,0,85
5,1,1,3,9,2,3,5,1,0,0,3,0,2,4,1,0,2,1,8,2,1,1,0,2,0,57
8,1,1,6,15,0,3,8,7,0,0,5,2,10,9,3,0,5,5,12,5,0,3,0,1,0,109
29,4,8,12,36,11,8,17,14,2,2,10,9,21,22,8,0,15,10,22,5,1,1,0,5,2,274
1,2,2,3,12,2,3,2,5,0,0,2,1,6,4,0,0,4,2,3,1,0,3,0,0,0,58
5,0,0,2,3,1,1,3,3,0,0,1,1,3,2,0,0,0,1,5,0,0,2,0,0,1,34
3,0,0,4,0,2,2,4,6,0,1,1,2,5,7,2,0,1,3,2,2,0,1,1,0,0,49
8,3,2,5,16,3,1,7,6,0,2,2,5,8,11,3,0,6,7,14,4,0,4,0,2,0,119
8,0,2,2,5,2,1,3,5,0,0,0,1,2,5,0,0,3,7,6,2,0,2,0,0,0,56
4,0,0,2,6,2,1,2,2,0,0,4,1,3,5,2,0,4,4,7,1,0,0,0,0,0,50
5,1,1,5,8,0,1,3,3,0,0,0,3,8,4,0,0,2,2,5,1,0,1,0,0,0,53
14,4,3,8,24,3,1,15,7,0,0,3,5,10,9,7,0,12,10,17,4,0,3,0,4,0,163
4,2,1,0,5,1,3,4,7,0,0,0,3,4,2,0,0,4,3,3,3,1,1,0,1,0,52
35,10,12,21,52,11,3,21,25,0,1,15,11,34,27,9,1,20,22,31,20,4,9,1,5,0,400
7,0,1,7,7,2,0,3,6,0,0,1,2,5,1,1,0,3,4,3,0,2,0,0,2,0,57
6,2,3,10,11,2,0,10,11,0,0,4,2,10,9,2,0,3,7,12,3,0,4,0,3,0,114
14,1,0,4,15,2,2,7,7,0,1,7,6,7,5,1,0,9,4,7,0,2,4,1,2,0,108
0,0,0,0,0,0,0,0,0,0,0,0,0,0,0,0,0,0,0,0,0,0,0,0,0,0,0
5,0,2,5,8,1,0,4,5,0,0,2,1,7,3,0,0,1,4,3,1,1,0,0,2,0,55
4,1,1,5,8,2,0,4,4,0,0,2,1,3,5,0,0,3,4,6,1,2,2,0,3,0,61
2,0,1,2,4,1,0,1,4,0,0,1,3,3,3,0,0,3,1,3,1,0,1,0,1,0,35
5,1,1,3,7,0,2,5,5,0,1,1,2,4,2,1,0,2,5,1,1,0,1,0,1,0,51
4,3,0,3,7,2,2,2,5,0,0,3,1,5,2,0,0,1,7,7,3,0,1,0,1,0,59
27,12,7,7,51,7,7,15,18,0,1,9,14,23,22,9,0,25,19,36,10,3,9,0,5,0,336
1,0,4,2,3,0,2,7,6,0,1,1,1,4,2,2,0,4,3,1,5,1,1,0,0,0,51
25,4,6,8,27,3,10,15,16,0,2,11,7,22,24,4,0,15,12,20,6,3,7,0,2,0,249
5,0,1,3,7,2,0,4,4,0,1,3,1,4,5,1,0,2,3,5,1,0,2,0,2,0,56
10,0,3,3,16,3,5,3,8,0,2,8,6,10,7,3,0,7,5,12,3,1,1,0,2,0,118
12,1,5,4,15,4,4,8,9,0,1,5,3,9,6,3,0,4,8,12,3,0,2,0,0,0,118
3,1,1,3,8,1,4,4,7,0,1,1,2,6,2,2,0,3,2,5,0,0,1,0,1,0,58
8,0,0,6,8,2,0,6,4,0,0,1,2,6,9,1,0,2,3,7,0,0,4,0,1,0,70
13,0,1,6,12,3,1,8,7,0,1,4,1,9,11,6,0,4,10,11,1,0,3,0,1,0,113
4,1,2,3,8,0,1,5,3,0,1,2,2,4,4,0,0,5,2,5,3,0,0,0,0,0,55
5,2,0,1,8,0,2,3,3,0,0,1,4,5,2,0,0,2,5,5,1,2,1,0,2,0,54
8,2,2,4,16,2,3,7,10,0,1,8,4,10,11,2,0,5,5,12,4,2,1,0,2,0,121
11,4,3,4,16,4,4,18,15,0,0,5,4,14,13,2,0,13,11,16,7,1,5,0,0,0,170
0,0,0,0,0,0,0,0,0,0,0,0,0,0,0,0,0,0,0,0,0,0,0,0,0,0,0
4,0,3,5,11,0,0,4,4,0,0,2,0,2,4,2,0,4,3,6,0,1,2,0,0,0,57
0,1,0,1,7,0,1,2,5,1,0,1,0,5,5,2,0,2,6,2,0,0,4,0,2,0,47
3,1,1,5,8,1,1,4,7,0,0,5,0,4,4,1,0,1,5,5,1,1,0,0,1,0,59
38,9,12,21,54,12,11,34,25,0,3,15,11,30,34,7,0,30,34,34,14,6,8,0,5,0,447
5,0,1,3,7,3,0,8,2,0,0,2,2,1,4,2,0,2,3,6,1,1,3,0,1,0,57
8,3,1,7,13,3,2,9,7,0,1,4,3,9,10,2,0,7,2,5,2,2,7,0,1,0,108
3,0,3,2,7,1,1,3,6,0,2,4,3,5,5,1,0,2,3,4,0,0,0,1,1,0,57
7,1,3,4,10,4,3,7,4,0,2,5,3,9,13,3,0,9,3,5,5,0,2,0,1,0,103
6,0,1,0,4,3,1,3,5,0,0,2,4,8,4,0,0,3,1,7,1,0,1,0,1,0,55
12,4,4,5,14,3,1,8,6,0,1,3,4,8,7,0,0,8,5,5,0,1,5,0,0,0,104
9,3,2,3,22,7,4,5,9,0,0,9,8,10,14,3,0,10,9,15,4,1,1,0,4,0,152
20,2,4,11,38,4,8,17,12,0,0,5,8,9,8,4,0,9,18,28,3,1,5,0,2,1,217
4,0,2,2,7,5,0,5,2,0,0,0,4,3,8,0,0,3,3,3,1,1,0,0,0,0,53
5,2,0,3,8,0,1,4,2,0,0,1,3,2,2,0,0,1,3,8,1,0,2,0,0,0,48
6,0,3,1,6,0,3,5,2,0,1,1,2,7,5,3,0,0,1,5,1,1,0,0,1,0,54
10,1,3,6,11,0,1,5,5,0,0,3,2,8,1,3,0,5,3,10,3,0,1,0,2,0,83
8,2,3,6,12,3,2,9,2,0,2,1,3,7,12,3,0,7,7,10,4,1,3,0,5,0,112
5,0,0,1,7,0,3,4,4,0,0,2,0,4,4,1,1,6,4,4,2,1,3,0,1,0,57
0,0,0,0,0,0,0,0,0,0,0,0,0,0,0,0,0,0,0,0,0,0,0,0,0,0,0
4,2,2,0,5,1,4,3,5,0,0,2,0,5,4,2,0,3,9,3,5,0,1,0,0,0,60
13,2,3,6,14,2,1,5,4,0,1,7,2,8,9,6,0,4,6,8,4,0,0,0,2,0,107
21,2,5,8,23,5,7,12,16,0,2,7,7,14,18,7,1,9,12,17,5,2,9,0,3,0,212
1,2,0,0,3,1,0,0,0,0,0,0,1,1,1,0,0,3,0,0,1,1,0,0,1,0,16
0,0,0,0,0,0,0,0,0,0,0,0,0,0,0,0,0,0,0,0,0,0,0,0,0,0,0
3,2,1,0,7,0,2,4,5,1,1,3,2,3,4,0,1,2,2,4,3,0,3,0,1,0,54
3,2,0,3,10,2,0,4,5,0,1,1,1,3,5,1,0,4,5,3,1,0,3,0,1,0,58
4,0,1,3,7,0,1,3,4,1,0,1,0,4,7,4,0,4,3,7,3,0,0,0,2,0,59
3,1,2,1,10,3,1,1,3,0,1,5,2,4,7,1,1,2,2,5,2,0,1,0,2,0,60
10,1,0,2,4,1,1,3,3,0,2,4,2,5,4,1,0,1,2,5,3,1,0,0,2,0,57
5,0,2,2,5,0,0,3,5,0,0,1,1,3,3,3,0,1,5,7,2,0,1,0,2,0,51
7,1,0,2,5,1,4,3,6,0,1,4,0,5,4,1,0,4,3,3,1,1,1,0,3,0,60
5,1,0,4,6,2,2,1,3,0,1,5,1,3,6,0,0,4,5,3,2,0,1,0,3,0,58
0,0,0,0,0,0,0,0,0,0,0,0,0,0,0,0,0,0,0,0,0,0,0,0,0,0,0
