time,x,y,z,L
0,-2,-3,0,0
0.01,-2.01002,-3.01443,0.0602669,-0.285208
0.02,-2.02008,-3.02771,0.121054,-0.358047
0.03,-2.03017,-3.0398,0.182342,-0.446195
0.04,-2.04027,-3.05067,0.244109,-0.55798
0.05,-2.05038,-3.0603,0.30633,-0.711643
0.06,-2.06047,-3.06864,0.368983,-0.964068
0.07,-2.07053,-3.07568,0.43204,-1.55206
0.08,-2.08057,-3.08138,0.495475,-1.00859
0.09,-2.09055,-3.08571,0.559259,0.389091
0.1,-2.10046,-3.08864,0.623363,-1.4489
0.11,-2.11031,-3.09015,0.687753,-0.462601
0.12,-2.12006,-3.0902,0.752399,-0.0193174
0.13,-2.1297,-3.08878,0.817265,0.416948
0.14,-2.13923,-3.08585,0.882316,-0.524925
0.15,-2.14863,-3.08139,0.947515,-0.659029
0.16,-2.15788,-3.07537,1.01282,0.443713
0.17,-2.16698,-3.06778,1.0782,-0.569358
0.18,-2.1759,-3.05858,1.14361,0.545906
0.19,-2.18463,-3.04777,1.209,0.21216
0.2,-2.19315,-3.03531,1.27434,-0.104679
0.21,-2.20146,-3.0212,1.33958,-0.723323
0.22,-2.20954,-3.00542,1.40467,0.500091
0.23,-2.21738,-2.98794,1.46956,-0.54683
0.24,-2.22495,-2.96877,1.53422,-0.84084
0.25,-2.23225,-2.94788,1.59859,-1.23036
0.26,-2.23926,-2.92527,1.66261,-1.19603
0.27,-2.24596,-2.90094,1.72625,-1.83398
0.28,-2.25235,-2.87487,1.78945,-1.67606
0.29,-2.25841,-2.84706,1.85216,0.102336
0.3,-2.26412,-2.81752,1.91433,0.397916
0.31,-2.26947,-2.78624,1.9759,-0.0351911
0.32,-2.27445,-2.75322,2.03682,0.435432
0.33,-2.27904,-2.71848,2.09705,-0.946009
0.34,-2.28324,-2.68203,2.15652,0.00134053
0.35,-2.28701,-2.64386,2.21519,-2.43198
0.36,-2.29037,-2.604,2.27301,-1.31634
0.37,-2.29328,-2.56246,2.32991,-0.647017
0.38,-2.29575,-2.51926,2.38586,-0.285134
0.39,-2.29775,-2.47441,2.4408,0.359871
0.4,-2.29928,-2.42795,2.49467,-0.216798
0.41,-2.30032,-2.3799,2.54744,0.0827651
0.42,-2.30087,-2.33028,2.59905,-0.218774
0.43,-2.3009,-2.27913,2.64946,0.0500938
0.44,-2.30043,-2.22647,2.69862,-1.11302
0.45,-2.29942,-2.17235,2.74649,-0.594374
0.46,-2.29788,-2.11679,2.79302,-0.00960249
0.47,-2.2958,-2.05985,2.83817,-1.11721
0.48,-2.29316,-2.00155,2.88191,0.23595
0.49,-2.28996,-1.94195,2.92419,-1.02553
0.5,-2.2862,-1.88109,2.96499,-0.916615
0.51,-2.28186,-1.81902,3.00426,-0.868657
0.52,-2.27694,-1.75578,3.04198,-0.103269
0.53,-2.27143,-1.69142,3.07812,-1.62293
0.54,-2.26534,-1.62601,3.11266,-0.283606
0.55,-2.25865,-1.55959,3.14556,-0.774712
0.56,-2.25136,-1.49222,3.17681,-1.94873
0.57,-2.24346,-1.42395,3.20639,-0.0422266
0.58,-2.23496,-1.35484,3.23429,-0.0856846
0.59,-2.22586,-1.28496,3.26048,-1.85192
0.6,-2.21615,-1.21435,3.28496,-1.55952
0.61,-2.20582,-1.14308,3.30773,-4.09098
0.62,-2.19489,-1.07121,3.32878,-1.24123
0.63,-2.18335,-0.998804,3.3481,-1.08832
0.64,-2.1712,-0.925915,3.3657,-0.700869
0.65,-2.15844,-0.852608,3.38157,-0.761999
0.66,-2.14508,-0.778942,3.39574,-0.839838
0.67,-2.13112,-0.704979,3.4082,-0.905211
0.68,-2.11656,-0.630779,3.41898,-0.62803
0.69,-2.10141,-0.556401,3.42807,-2.67605
0.7,-2.08566,-0.481904,3.43551,-0.974313
0.71,-2.06933,-0.407346,3.44131,-4.63197
0.72,-2.05243,-0.332785,3.4455,-0.789777
0.73,-2.03494,-0.258277,3.44809,-1.53672
0.74,-2.0169,-0.183876,3.44912,-0.844706
0.75,-1.99829,-0.109637,3.44862,-0.715813
0.76,-1.97912,-0.0356121,3.44662,-2.14416
0.77,-1.95942,0.038148,3.44315,-1.83673
0.78,-1.93918,0.111594,3.43825,-2.01594
0.79,-1.91841,0.184677,3.43196,-1.9172
0.8,-1.89712,0.257352,3.42431,-2.9358
0.81,-1.87532,0.329575,3.41536,-1.9574
0.82,-1.85302,0.401302,3.40513,-1.99101
0.83,-1.83024,0.472494,3.39369,-2.08374
0.84,-1.80697,0.543111,3.38107,-2.77939
0.85,-1.78324,0.613117,3.36732,-1.19169
0.86,-1.75905,0.682477,3.35248,-0.653034
0.87,-1.73441,0.751159,3.33662,-1.21597
0.88,-1.70934,0.819132,3.31977,-2.80167
0.89,-1.68385,0.886366,3.30199,-2.33877
0.9,-1.65794,0.952836,3.28333,-1.36126
0.91,-1.63164,1.01852,3.26385,-0.295611
0.92,-1.60494,1.08339,3.24359,-0.735344
0.93,-1.57787,1.14742,3.2226,-0.660241
0.94,-1.55044,1.21061,3.20095,-0.591964
0.95,-1.52266,1.27293,3.17868,-1.40016
0.96,-1.49453,1.33436,3.15584,-1.042
0.97,-1.46608,1.3949,3.1325,-0.734189
0.98,-1.43732,1.45453,3.1087,-2.8098
0.99,-1.40825,1.51325,3.08449,0.0560935
1,-1.37889,1.57104,3.05992,-0.850757
1.01,-1.34925,1.6279,3.03506,-2.56623
1.02,-1.31935,1.68383,3.00994,-0.0571007
1.03,-1.28919,1.73881,2.98462,0.227102
1.04,-1.2588,1.79286,2.95915,0.36053
1.05,-1.22817,1.84597,2.93358,0.157847
1.06,-1.19732,1.89813,2.90796,0.391827
1.07,-1.16626,1.94936,2.88233,-3.71131
1.08,-1.13501,1.99965,2.85674,-0.409673
1.09,-1.10357,2.04901,2.83124,-1.09912
1.1,-1.07196,2.09745,2.80587,-0.117311
1.11,-1.04019,2.14497,2.78068,-1.18669
1.12,-1.00826,2.19157,2.7557,0.550181
1.13,-0.976193,2.23727,2.73098,-1.58901
1.14,-0.943995,2.28207,2.70657,-1.31142
1.15,-0.911675,2.32599,2.6825,-0.61981
1.16,-0.879245,2.36902,2.65881,-0.0325919
1.17,-0.846713,2.41119,2.63553,-0.56172
1.18,-0.81409,2.45249,2.61272,0.636386
1.19,-0.781384,2.49295,2.59039,-4.98786
1.2,-0.748606,2.53257,2.56859,-1.99686
1.21,-0.715764,2.57136,2.54735,0.601443
1.22,-0.682867,2.60933,2.52669,0.634806
1.23,-0.649923,2.6465,2.50667,-0.663296
1.24,-0.616941,2.68287,2.48729,0.108152
1.25,-0.583929,2.71845,2.4686,-0.270726
1.26,-0.550896,2.75326,2.45062,0.0133922
1.27,-0.517849,2.78731,2.43337,-0.124519
1.28,-0.484795,2.8206,2.41689,-0.64305
1.29,-0.451743,2.85314,2.4012,-0.850528
1.3,-0.4187,2.88495,2.38632,0.261644
1.31,-0.385673,2.91603,2.37227,-0.383315
1.32,-0.352668,2.94639,2.35909,-1.13675
1.33,-0.319694,2.97604,2.34678,-0.470188
1.34,-0.286756,3.00498,2.33537,-0.267044
1.35,-0.253861,3.03322,2.32488,0.122384
1.36,-0.221017,3.06077,2.31533,0.406106
1.37,-0.188228,3.08764,2.30673,0.407326
1.38,-0.155501,3.11381,2.2991,0.398432
1.39,-0.122843,3.13931,2.29245,0.383947
1.4,-0.0902602,3.16414,2.2868,0.171991
1.41,-0.0577575,3.18828,2.28217,0.244044
1.42,-0.0253413,3.21175,2.27856,0.123532
1.43,0.00698246,3.23455,2.27599,0.185676
1.44,0.0392081,3.25668,2.27446,-0.114255
1.45,0.07133,3.27813,2.27399,0.101275
1.46,0.103342,3.2989,2.27459,0.0846318
1.47,0.135239,3.31899,2.27627,-0.0164811
1.48,0.167015,3.33839,2.27902,-0.780766
1.49,0.198665,3.35711,2.28286,0.0451364
1.5,0.230182,3.37513,2.28779,0.125984
1.51,0.261562,3.39245,2.29382,0.0803018
1.52,0.292798,3.40905,2.30095,0.0623362
1.53,0.323885,3.42494,2.30919,0.08818
1.54,0.354817,3.4401,2.31852,-0.142772
1.55,0.385589,3.45451,2.32896,0.0444706
1.56,0.416194,3.46818,2.3405,-1.67395
1.57,0.446627,3.48109,2.35315,-0.0435344
1.58,0.476881,3.49321,2.36689,-0.348714
1.59,0.506951,3.50455,2.38173,-0.262929
1.6,0.536831,3.51508,2.39766,-1.10799
1.61,0.566514,3.52479,2.41467,0.0417875
1.62,0.595994,3.53367,2.43276,-0.579984
1.63,0.625265,3.54168,2.45193,-1.21626
1.64,0.654321,3.54883,2.47215,-1.20882
1.65,0.683153,3.55508,2.49342,0.116527
1.66,0.711757,3.56043,2.51573,-1.91245
1.67,0.740124,3.56484,2.53907,0.38266
1.68,0.768249,3.5683,2.56342,0.00669326
1.69,0.796123,3.57079,2.58876,-1.25811
1.7,0.82374,3.57229,2.61509,-0.730639
1.71,0.851092,3.57277,2.64238,0.351418
1.72,0.878171,3.57222,2.67061,0.153319
1.73,0.90497,3.5706,2.69977,0.293098
1.74,0.931481,3.5679,2.72983,-1.40313
1.75,0.957696,3.5641,2.76077,-1.11016
1.76,0.983606,3.55917,2.79257,-0.102219
1.77,1.0092,3.55308,2.82519,-0.173343
1.78,1.03448,3.54582,2.85862,0.056351
1.79,1.05943,3.53737,2.89283,-0.293695
1.8,1.08404,3.52769,2.92778,-0.920981
1.81,1.1083,3.51677,2.96345,-1.02576
1.82,1.1322,3.50458,2.99979,-3.60241
1.83,1.15574,3.4911,3.03679,0.274828
1.84,1.17891,3.47632,3.07441,-0.714066
1.85,1.20169,3.4602,3.1126,-2.61032
1.86,1.22407,3.44274,3.15133,0.0836133
1.87,1.24606,3.4239,3.19056,-0.248232
1.88,1.26763,3.40368,3.23026,0.305603
1.89,1.28878,3.38204,3.27038,-1.78675
1.9,1.30949,3.35899,3.31088,-0.0612528
1.91,1.32976,3.3345,3.35172,0.0124671
1.92,1.34958,3.30855,3.39284,0.293725
1.93,1.36894,3.28114,3.43422,0.276647
1.94,1.38782,3.25224,3.47579,-0.387798
1.95,1.40622,3.22186,3.51752,-1.95093
1.96,1.42413,3.18998,3.55936,-0.0517886
1.97,1.44154,3.15659,3.60125,-1.46834
1.98,1.45843,3.1217,3.64314,0.0281341
1.99,1.4748,3.08528,3.685,-2.12456
2,1.49064,3.04735,3.72676,-0.102793
2.01,1.50593,3.0079,3.76838,-1.13848
2.02,1.52067,2.96693,3.8098,0.149815
2.03,1.53485,2.92444,3.85097,0.0541736
2.04,1.54846,2.88045,3.89185,-0.158806
2.05,1.56149,2.83495,3.93238,-0.768024
2.06,1.57393,2.78796,3.97251,-0.467578
2.07,1.58577,2.7395,4.01218,-1.5132
2.08,1.597,2.68956,4.05135,-0.252668
2.09,1.60761,2.63817,4.08996,-0.28358
2.1,1.61761,2.58535,4.12797,0.0175307
2.11,1.62697,2.53112,4.16533,-0.737339
2.12,1.63569,2.4755,4.20199,-0.404691
2.13,1.64376,2.41851,4.2379,-1.12287
2.14,1.65118,2.36018,4.27301,-0.206949
2.15,1.65794,2.30054,4.30728,-0.62748
2.16,1.66403,2.23963,4.34066,-0.579124
2.17,1.66945,2.17747,4.37312,-1.23091
2.18,1.67419,2.11409,4.4046,-0.618607
2.19,1.67825,2.04955,4.43508,-0.664438
2.2,1.68161,1.98387,4.46452,-0.961418
2.21,1.68429,1.9171,4.49286,-2.9983
2.22,1.68627,1.84927,4.5201,-0.301593
2.23,1.68755,1.78044,4.54618,-1.8431
2.24,1.68813,1.71065,4.57109,-3.22725
2.25,1.688,1.63995,4.59479,-1.25204
2.26,1.68716,1.56838,4.61725,-0.988629
2.27,1.68562,1.496,4.63847,-4.12092
2.28,1.68337,1.42285,4.6584,-0.594448
2.29,1.68041,1.349,4.67705,-0.75911
2.3,1.67674,1.27449,4.69438,-1.91112
2.31,1.67237,1.19937,4.71039,-1.04456
2.32,1.66728,1.12371,4.72507,-2.1826
2.33,1.6615,1.04756,4.73841,-0.846504
2.34,1.65501,0.97097,4.75041,-2.02218
2.35,1.64782,0.894002,4.76105,-1.81977
2.36,1.63993,0.816711,4.77035,-1.4537
2.37,1.63135,0.739154,4.7783,-2.65355
2.38,1.62209,0.661388,4.78491,-2.69952
2.39,1.61214,0.583469,4.79019,-1.30903
2.4,1.60152,0.505453,4.79415,-3.3731
2.41,1.59022,0.427396,4.7968,-0.897663
2.42,1.57826,0.349354,4.79815,-1.05227
2.43,1.56565,0.271381,4.79823,-0.750864
2.44,1.55238,0.193531,4.79706,-0.97111
2.45,1.53847,0.115857,4.79466,-0.758649
2.46,1.52393,0.0384104,4.79104,-4.04795
2.47,1.50876,-0.0387567,4.78625,-0.889014
2.48,1.49298,-0.115595,4.78031,-0.87432
2.49,1.4766,-0.192055,4.77325,-1.61068
2.5,1.45961,-0.268091,4.76511,-2.71651
2.51,1.44205,-0.343656,4.75591,-1.86152
2.52,1.4239,-0.418704,4.74569,-0.695345
2.53,1.4052,-0.493195,4.7345,-0.447013
2.54,1.38594,-0.567085,4.72238,-0.643484
2.55,1.36614,-0.640335,4.70936,-2.99436
2.56,1.34581,-0.712907,4.69548,-5.05817
2.57,1.32497,-0.784764,4.68079,-0.355401
2.58,1.30362,-0.85587,4.66534,-1.64236
2.59,1.28178,-0.926193,4.64916,-0.251939
2.6,1.25947,-0.995702,4.63231,-0.127213
2.61,1.23669,-1.06437,4.61483,-0.287843
2.62,1.21345,-1.13216,4.59677,-0.0212207
2.63,1.18978,-1.19905,4.57818,0.0183508
2.64,1.16568,-1.26501,4.5591,-0.906709
2.65,1.14117,-1.33003,4.53958,-0.0325477
2.66,1.11626,-1.39408,4.51968,-1.18773
2.67,1.09097,-1.45714,4.49944,0.47261
2.68,1.0653,-1.5192,4.4789,0.299391
2.69,1.03928,-1.58023,4.45813,-0.844497
2.7,1.01292,-1.64022,4.43716,-0.0101518
2.71,0.986223,-1.69915,4.41604,-0.441407
2.72,0.959214,-1.75702,4.39482,0.633948
2.73,0.931903,-1.81381,4.37356,0.429268
2.74,0.904304,-1.86952,4.35229,0.455381
2.75,0.876431,-1.92413,4.33106,0.567042
2.76,0.848297,-1.97763,4.30991,0.466836
2.77,0.819917,-2.03002,4.2889,0.582619
2.78,0.791303,-2.0813,4.26806,0.546006
2.79,0.762469,-2.13145,4.24744,0.776856
2.8,0.733429,-2.18048,4.22708,-0.31685
2.81,0.704196,-2.22838,4.20701,-0.810033
2.82,0.674782,-2.27516,4.18729,-2.38858
2.83,0.645201,-2.3208,4.16795,-0.207499
2.84,0.615466,-2.3653,4.14902,0.251125
2.85,0.58559,-2.40867,4.13055,0.0755783
2.86,0.555585,-2.45091,4.11256,-0.140534
2.87,0.525464,-2.49202,4.0951,0.88256
2.88,0.49524,-2.53199,4.07819,0.468292
2.89,0.464924,-2.57083,4.06187,0.582479
2.9,0.434529,-2.60854,4.04617,0.73915
2.91,0.404066,-2.64512,4.03112,0.708496
2.92,0.373549,-2.68057,4.01674,-0.0937646
2.93,0.342988,-2.7149,4.00307,0.372973
2.94,0.312395,-2.7481,3.99012,-0.374148
2.95,0.281782,-2.78018,3.97793,-0.623552
2.96,0.251159,-2.81113,3.96651,-0.57726
2.97,0.220539,-2.84097,3.95588,-0.0960714
2.98,0.189933,-2.86968,3.94607,-0.353778
2.99,0.159351,-2.89727,3.93709,0.461084
3,0.128804,-2.92374,3.92897,0.226302
3.01,0.0983035,-2.9491,3.92171,0.581109
3.02,0.0678597,-2.97333,3.91533,0.329585
3.03,0.0374832,-2.99645,3.90985,-0.801272
3.04,0.00718458,-3.01844,3.90527,-0.0563176
3.05,-0.0230258,-3.03931,3.9016,-0.190303
3.06,-0.0531376,-3.05905,3.89887,0.290916
3.07,-0.0831407,-3.07767,3.89706,-0.688387
3.08,-0.113025,-3.09516,3.89619,-2.6175
3.09,-0.14278,-3.11152,3.89627,-0.114656
3.1,-0.172396,-3.12674,3.89729,-0.0445063
3.11,-0.201864,-3.14082,3.89925,-0.842394
3.12,-0.231172,-3.15375,3.90217,0.259138
3.13,-0.260312,-3.16554,3.90603,0.263235
3.14,-0.289273,-3.17617,3.91083,-0.225398
3.15,-0.318047,-3.18564,3.91658,0.313978
3.16,-0.346622,-3.19395,3.92326,-0.418583
3.17,-0.37499,-3.20108,3.93087,-1.78762
3.18,-0.403141,-3.20703,3.93941,0.433269
3.19,-0.431064,-3.21179,3.94885,0.26034
3.2,-0.458752,-3.21536,3.95919,0.131784
3.21,-0.486193,-3.21773,3.97043,-0.619442
3.22,-0.513379,-3.21888,3.98254,-1.14096
3.23,-0.5403,-3.21882,3.99551,-2.86706
3.24,-0.566947,-3.21752,4.00932,-0.694336
3.25,-0.593309,-3.215,4.02397,-0.830278
3.26,-0.619377,-3.21122,4.03942,0.161414
3.27,-0.645142,-3.2062,4.05566,-0.288761
3.28,-0.670595,-3.19991,4.07267,-0.747156
3.29,-0.695725,-3.19235,4.09042,-1.22709
3.3,-0.720524,-3.18351,4.1089,-0.437603
3.31,-0.744982,-3.17338,4.12807,-1.35591
3.32,-0.769089,-3.16195,4.14792,-0.0724589
3.33,-0.792836,-3.14923,4.1684,-0.770176
3.34,-0.816214,-3.13519,4.18951,-4.18972
3.35,-0.839212,-3.11983,4.2112,-0.0624832
3.36,-0.861823,-3.10314,4.23344,-1.04103
3.37,-0.884036,-3.08513,4.25621,-0.870848
3.38,-0.905842,-3.06578,4.27946,-0.373381
3.39,-0.927231,-3.04508,4.30318,-1.72342
3.4,-0.948196,-3.02304,4.32731,0.0135266
3.41,-0.968725,-2.99965,4.35184,-4.80956
3.42,-0.988811,-2.97491,4.37672,-0.304285
3.43,-1.00844,-2.94881,4.40191,0.230843
3.44,-1.02762,-2.92136,4.42737,-2.55497
3.45,-1.04632,-2.89255,4.45308,-0.999879
3.46,-1.06454,-2.86239,4.47898,-1.74058
3.47,-1.08227,-2.83088,4.50505,-0.55151
3.48,-1.09951,-2.79802,4.53124,-0.335014
3.49,-1.11624,-2.76382,4.5575,-1.64902
3.5,-1.13246,-2.72827,4.58381,-0.161547
3.51,-1.14815,-2.6914,4.61011,-0.257314
3.52,-1.16332,-2.6532,4.63638,-0.368057
3.53,-1.17795,-2.6137,4.66256,-0.620975
3.54,-1.19203,-2.57289,4.68862,-0.522118
3.55,-1.20556,-2.53079,4.71451,-0.257239
3.56,-1.21853,-2.48742,4.74019,-0.083081
3.57,-1.23094,-2.44279,4.76563,-0.56237
3.58,-1.24277,-2.39691,4.79079,-0.661048
3.59,-1.25402,-2.34982,4.81561,-1.4667
3.6,-1.26468,-2.30152,4.84008,-1.21916
3.61,-1.27475,-2.25203,4.86414,-0.0435783
3.62,-1.28422,-2.20139,4.88775,-0.132626
3.63,-1.29309,-2.14962,4.91089,-0.0771497
3.64,-1.30135,-2.09673,4.93351,-0.302981
3.65,-1.309,-2.04277,4.95558,-0.263428
3.66,-1.31603,-1.98775,4.97707,-1.30706
3.67,-1.32243,-1.93171,4.99794,-1.68189
3.68,-1.32821,-1.87468,5.01815,-3.3311
3.69,-1.33336,-1.81669,5.03769,-0.805126
3.7,-1.33788,-1.75779,5.05651,-0.592804
3.71,-1.34176,-1.69799,5.0746,-2.16646
3.72,-1.345,-1.63734,5.09192,-0.766907
3.73,-1.3476,-1.57588,5.10845,-0.726385
3.74,-1.34957,-1.51365,5.12417,-0.693191
3.75,-1.35089,-1.45068,5.13905,-0.695689
3.76,-1.35156,-1.38702,5.15308,-1.11711
3.77,-1.3516,-1.32271,5.16623,-0.941689
3.78,-1.35098,-1.25779,5.1785,-0.243205
3.79,-1.34973,-1.19231,5.18986,-0.288438
3.8,-1.34784,-1.1263,5.2003,-1.10356
3.81,-1.3453,-1.05982,5.20982,-1.50749
3.82,-1.34213,-0.992905,5.21839,-0.417029
3.83,-1.33832,-0.925606,5.22603,-2.36444
3.84,-1.33387,-0.857967,5.23272,-0.255489
3.85,-1.3288,-0.790034,5.23845,-0.241307
3.86,-1.3231,-0.721853,5.24323,-0.862736
3.87,-1.31678,-0.65347,5.24707,-0.725508
3.88,-1.30984,-0.584932,5.24995,-0.612649
3.89,-1.30228,-0.516284,5.25189,-2.16474
3.9,-1.29412,-0.447573,5.2529,-0.447682
3.91,-1.28535,-0.378843,5.25297,-1.13997
3.92,-1.27599,-0.310141,5.25213,-0.539857
3.93,-1.26604,-0.241511,5.25039,-0.606862
3.94,-1.2555,-0.172997,5.24775,-0.0574943
3.95,-1.24439,-0.104643,5.24424,-0.35696
3.96,-1.23271,-0.0364924,5.23988,0.0158907
3.97,-1.22047,0.031413,5.23467,0.059496
3.98,-1.20767,0.0990314,5.22865,-0.484611
3.99,-1.19434,0.166322,5.22183,-1.24663
4,-1.18046,0.233245,5.21424,-0.249776
4.01,-1.16607,0.299762,5.2059,-1.82742
4.02,-1.15115,0.365834,5.19684,0.198014
4.03,-1.13573,0.431425,5.18709,-1.33558
4.04,-1.11981,0.4965,5.17668,0.0737825
4.05,-1.10341,0.561022,5.16563,-1.08602
4.06,-1.08653,0.624959,5.15398,0.142752
4.07,-1.06918,0.688279,5.14175,0.370251
4.08,-1.05138,0.750949,5.12899,-0.397133
4.09,-1.03314,0.812941,5.11572,-0.00747557
4.1,-1.01446,0.874224,5.10197,-0.129685
4.11,-0.995368,0.934773,5.08779,0.325481
4.12,-0.975864,0.994559,5.0732,0.327616
4.13,-0.955963,1.05356,5.05824,-1.70632
4.14,-0.935677,1.11175,5.04295,-1.9932
4.15,-0.915019,1.1691,5.02736,-0.0767681
4.16,-0.893999,1.2256,5.01151,0.44789
4.17,-0.872631,1.28122,4.99544,-0.665035
4.18,-0.850926,1.33595,4.97917,-1.48177
4.19,-0.828897,1.38976,4.96276,0.501928
4.2,-0.806557,1.44265,4.94622,-1.52008
4.21,-0.783917,1.49458,4.9296,0.698689
4.22,-0.760991,1.54556,4.91294,0.0185039
4.23,-0.737791,1.59556,4.89627,0.301269
4.24,-0.714328,1.64457,4.87962,-1.68154
4.25,-0.690617,1.69258,4.86302,0.650293
4.26,-0.666669,1.73957,4.84652,0.243174
4.27,-0.642496,1.78555,4.83015,0.863257
4.28,-0.618112,1.83049,4.81393,0.70809
4.29,-0.593528,1.87439,4.7979,0.850168
4.3,-0.568758,1.91724,4.78209,0.904568
4.31,-0.543812,1.95904,4.76654,0.138338
4.32,-0.518705,1.99977,4.75126,0.751126
4.33,-0.493447,2.03944,4.7363,-1.52371
4.34,-0.468051,2.07803,4.72167,0.846946
4.35,-0.442529,2.11553,4.70741,0.745201
4.36,-0.416894,2.15196,4.69354,0.201877
4.37,-0.391156,2.1873,4.68009,0.360236
4.38,-0.365329,2.22154,4.66708,0.567333
4.39,-0.339423,2.25469,4.65453,0.807813
4.4,-0.31345,2.28674,4.64247,0.104443
4.41,-0.287423,2.31769,4.63092,-0.24151
4.42,-0.261352,2.34753,4.61989,0.0460522
4.43,-0.235249,2.37627,4.60941,0.786666
4.44,-0.209125,2.4039,4.5995,0.403425
4.45,-0.182992,2.43041,4.59017,0.888817
4.46,-0.156861,2.45582,4.58143,-0.275468
4.47,-0.130742,2.48011,4.5733,-0.958917
4.48,-0.104648,2.50328,4.5658,-1.9581
4.49,-0.0785874,2.52534,4.55894,0.258811
4.5,-0.0525726,2.54627,4.55272,0.501581
4.51,-0.026614,2.56609,4.54716,0.600937
4.52,-0.000722108,2.58478,4.54226,-0.781612
4.53,0.0250925,2.60234,4.53804,-0.407506
4.54,0.0508195,2.61878,4.53449,0.392477
4.55,0.0764484,2.63409,4.53163,0.175391
4.56,0.101969,2.64827,4.52946,-0.254745
4.57,0.127371,2.66132,4.52797,0.723691
4.58,0.152645,2.67323,4.52718,-0.771556
4.59,0.177779,2.68401,4.52708,-1.16282
4.6,0.202766,2.69364,4.52767,-0.0594503
4.61,0.227594,2.70214,4.52895,0.463622
4.62,0.252253,2.70949,4.53091,-0.0599464
4.63,0.276735,2.7157,4.53355,-0.580567
4.64,0.30103,2.72076,4.53687,0.181315
4.65,0.325127,2.72467,4.54086,0.59396
4.66,0.349017,2.72743,4.5455,-0.0398062
4.67,0.372692,2.72903,4.5508,0.267997
4.68,0.396141,2.72947,4.55674,0.272105
4.69,0.419355,2.72876,4.56331,-0.823227
4.7,0.442326,2.72689,4.5705,-0.907515
4.71,0.465044,2.72385,4.57829,0.305472
4.72,0.487499,2.71965,4.58667,-1.24196
4.73,0.509684,2.71428,4.59562,0.111906
4.74,0.531588,2.70774,4.60514,-1.60889
4.75,0.553204,2.70004,4.6152,-0.348833
4.76,0.574522,2.69116,4.62578,-1.82202
4.77,0.595534,2.68111,4.63686,0.185299
4.78,0.616231,2.6699,4.64843,-0.399597
4.79,0.636604,2.65751,4.66046,0.188515
4.8,0.656646,2.64394,4.67294,0.399336
4.81,0.676347,2.62921,4.68583,-0.0409335
4.82,0.6957,2.61331,4.69912,0.153664
4.83,0.714697,2.59624,4.71279,0.13549
4.84,0.733328,2.57801,4.7268,-0.615689
4.85,0.751588,2.55861,4.74114,0.0920668
4.86,0.769466,2.53805,4.75577,-1.00625
4.87,0.786957,2.51634,4.77067,-1.11438
4.88,0.804051,2.49347,4.78582,0.0731856
4.89,0.820743,2.46946,4.80119,-0.726999
4.9,0.837023,2.44431,4.81675,-0.0527393
4.91,0.852886,2.41803,4.83247,0.272776
4.92,0.868324,2.39062,4.84832,-1.70336
4.93,0.88333,2.36209,4.86428,0.1211
4.94,0.897897,2.33246,4.88031,-0.409235
4.95,0.912019,2.30172,4.89639,0.23225
4.96,0.925689,2.2699,4.91249,-0.0492947
4.97,0.938901,2.237,4.92858,-3.85371
4.98,0.951649,2.20304,4.94463,-2.54506
4.99,0.963927,2.16803,4.96061,-0.0804681
5,0.975729,2.13198,4.9765,-1.4715
5.01,0.98705,2.09491,4.99226,0.173636
5.02,0.997884,2.05684,5.00786,-1.57753
5.03,1.00823,2.01778,5.02328,-1.55741
5.04,1.01807,1.97775,5.03849,-1.99015
5.05,1.02742,1.93678,5.05347,0.0901626
5.06,1.03626,1.89487,5.06817,-0.75682
5.07,1.04459,1.85206,5.08259,-0.573516
5.08,1.05241,1.80835,5.09669,-0.775214
5.09,1.05971,1.76379,5.11045,-0.240877
5.1,1.06649,1.71839,5.12385,-0.161833
5.11,1.07275,1.67217,5.13685,-0.450977
5.12,1.07848,1.62516,5.14944,-1.39198
5.13,1.08368,1.57739,5.1616,-0.517448
5.14,1.08835,1.52888,5.1733,-0.265211
5.15,1.09249,1.47966,5.18452,-0.0861923
5.16,1.09609,1.42977,5.19525,0.00404001
5.17,1.09916,1.37922,5.20547,0.0440855
5.18,1.10169,1.32806,5.21516,-0.40482
5.19,1.10369,1.27631,5.2243,-0.254882
5.2,1.10515,1.224,5.23288,-1.03554
5.21,1.10607,1.17116,5.24088,-0.163472
5.22,1.10645,1.11783,5.2483,-0.15317
5.23,1.10629,1.06404,5.25512,-0.0941692
5.24,1.1056,1.00983,5.26133,-0.0708222
5.25,1.10438,0.955218,5.26692,-0.0826624
5.26,1.10262,0.900251,5.27189,-0.265848
5.27,1.10033,0.84496,5.27623,-0.00399763
5.28,1.09751,0.789378,5.27993,-0.937818
5.29,1.09417,0.733542,5.28299,-0.15691
5.3,1.0903,0.677485,5.28542,0.108738
5.31,1.08591,0.621242,5.2872,-0.0458983
5.32,1.08101,0.564849,5.28834,-1.77194
5.33,1.07559,0.508341,5.28883,-2.48282
5.34,1.06967,0.451752,5.28869,-2.02398
5.35,1.06324,0.395116,5.28792,0.0817803
5.36,1.05631,0.338469,5.28652,0.162652
5.37,1.04888,0.281845,5.2845,-3.49851
5.38,1.04097,0.225277,5.28187,-0.650044
5.39,1.03257,0.168799,5.27863,-2.59966
5.4,1.02369,0.112444,5.2748,-3.00306
5.41,1.01435,0.0562463,5.27039,-2.13818
5.42,1.00453,0.000236615,5.26541,0.267316
5.43,0.994262,-0.0555526,5.25987,-0.369487
5.44,0.983539,-0.11109,5.25379,0.10105
5.45,0.972372,-0.166345,5.24718,0.361178
5.46,0.960768,-0.221287,5.24006,0.21113
5.47,0.948734,-0.275888,5.23245,-1.05667
5.48,0.936278,-0.330117,5.22437,-0.185458
5.49,0.923408,-0.383947,5.21583,0.246212
5.5,0.910134,-0.43735,5.20685,0.338939
5.51,0.896462,-0.4903,5.19746,0.254211
5.52,0.882401,-0.542771,5.18767,-1.21055
5.53,0.867961,-0.594738,5.17751,0.440484
5.54,0.85315,-0.646175,5.167,0.565279
5.55,0.837978,-0.69706,5.15616,-0.655586
5.56,0.822453,-0.747369,5.14502,0.608505
5.57,0.806584,-0.797081,5.13359,0.588785
5.58,0.790382,-0.846174,5.1219,0.494974
5.59,0.773856,-0.894628,5.10997,0.119685
5.6,0.757016,-0.942423,5.09784,0.377808
5.61,0.739871,-0.989541,5.08552,0.532648
5.62,0.722431,-1.03596,5.07303,0.544529
5.63,0.704706,-1.08167,5.06041,-0.973227
5.64,0.686707,-1.12665,5.04768,0.592052
5.65,0.668443,-1.17089,5.03485,0.571498
5.66,0.649924,-1.21436,5.02196,-1.80401
5.67,0.63116,-1.25706,5.00903,-0.438052
5.68,0.612163,-1.29897,4.99608,-0.301228
5.69,0.592941,-1.34008,4.98314,0.211543
5.7,0.573506,-1.38038,4.97023,0.437277
5.71,0.553867,-1.41985,4.95738,-0.436448
5.72,0.534035,-1.45849,4.9446,0.273239
5.73,0.51402,-1.49629,4.93192,-2.73415
5.74,0.493832,-1.53322,4.91936,-2.93685
5.75,0.473482,-1.5693,4.90694,-0.17721
5.76,0.45298,-1.6045,4.89469,-0.685733
5.77,0.432336,-1.63882,4.88262,-1.64275
5.78,0.41156,-1.67225,4.87076,0.169956
5.79,0.390663,-1.70479,4.85912,-3.36632
5.8,0.369654,-1.73643,4.84773,0.884903
5.81,0.348545,-1.76716,4.8366,-1.26149
5.82,0.327344,-1.79697,4.82574,-0.268224
5.83,0.306062,-1.82587,4.81519,0.47727
5.84,0.284708,-1.85384,4.80494,0.316708
5.85,0.263294,-1.88089,4.79503,0.861529
5.86,0.241828,-1.907,4.78545,0.642659
5.87,0.22032,-1.93218,4.77624,0.761296
5.88,0.198781,-1.95642,4.76739,0.701508
5.89,0.17722,-1.97972,4.75893,0.879609
5.9,0.155646,-2.00207,4.75086,0.581724
5.91,0.134069,-2.02347,4.7432,0.656441
5.92,0.112498,-2.04392,4.73595,-1.09564
5.93,0.0909433,-2.06341,4.72913,0.246704
5.94,0.069414,-2.08195,4.72274,-1.97914
5.95,0.0479191,-2.09953,4.7168,-0.466665
5.96,0.026468,-2.11615,4.7113,0.694093
5.97,0.00506969,-2.13181,4.70626,-0.865679
5.98,-0.0162667,-2.14651,4.70167,0.0336502
5.99,-0.0375321,-2.16024,4.69755,0.621467
6,-0.0587178,-2.173,4.6939,0.26975
6.01,-0.0798148,-2.18479,4.69072,0.50434
6.02,-0.100814,-2.19562,4.68801,-0.155452
6.03,-0.121708,-2.20547,4.68577,0.194358
6.04,-0.142487,-2.21436,4.684,0.538192
6.05,-0.163143,-2.22227,4.68271,0.530831
6.06,-0.183667,-2.22921,4.68189,0.714055
6.07,-0.204051,-2.23518,4.68153,0.106266
6.08,-0.224286,-2.24017,4.68164,0.527273
6.09,-0.244366,-2.2442,4.68222,0.250459
6.1,-0.26428,-2.24724,4.68325,0.49277
6.11,-0.284022,-2.24932,4.68473,0.453552
6.12,-0.303584,-2.25042,4.68665,0.413889
6.13,-0.322956,-2.25055,4.68902,-1.09219
6.14,-0.342133,-2.2497,4.69181,0.349814
6.15,-0.361105,-2.24789,4.69502,0.578076
6.16,-0.379866,-2.2451,4.69865,0.552279
6.17,-0.398407,-2.24134,4.70268,-0.643753
6.18,-0.416722,-2.23661,4.7071,0.465454
6.19,-0.434803,-2.23092,4.7119,-0.0260889
6.2,-0.452642,-2.22426,4.71707,-0.729963
6.21,-0.470233,-2.21664,4.7226,0.0290687
6.22,-0.487568,-2.20806,4.72847,0.262808
6.23,-0.50464,-2.19852,4.73467,-0.11738
6.24,-0.521443,-2.18803,4.74118,-0.355809
6.25,-0.53797,-2.17658,4.748,0.438798
6.26,-0.554213,-2.16419,4.7551,-0.915644
6.27,-0.570167,-2.15085,4.76247,0.20169
6.28,-0.585825,-2.13657,4.7701,0.302365
6.29,-0.60118,-2.12136,4.77796,0.2954
6.3,-0.616226,-2.10522,4.78604,-1.08145
6.31,-0.630958,-2.08815,4.79433,-1.38729
6.32,-0.645368,-2.07017,4.8028,-0.283502
6.33,-0.659452,-2.05127,4.81144,0.252351
6.34,-0.673203,-2.03147,4.82022,0.379654
6.35,-0.686616,-2.01078,4.82914,0.370753
6.36,-0.699684,-1.98919,4.83817,-0.37543
6.37,-0.712404,-1.96673,4.8473,-0.268893
6.38,-0.724769,-1.94339,4.85649,0.331263
6.39,-0.736775,-1.91919,4.86575,-0.268231
6.4,-0.748416,-1.89414,4.87504,0.0495246
6.41,-0.759688,-1.86825,4.88434,-1.63469
6.42,-0.770586,-1.84153,4.89365,0.306939
6.43,-0.781105,-1.814,4.90293,-2.2929
6.44,-0.791242,-1.78565,4.91217,-1.48484
6.45,-0.800992,-1.75652,4.92136,-1.06784
6.46,-0.810351,-1.7266,4.93046,-0.442639
6.47,-0.819316,-1.69592,4.93947,-0.806292
6.48,-0.827882,-1.6645,4.94837,-0.581175
6.49,-0.836047,-1.63233,4.95713,-0.346019
6.5,-0.843807,-1.59945,4.96574,-1.6797
6.51,-0.851159,-1.56586,4.97419,-3.8992
6.52,-0.8581,-1.53159,4.98244,-0.27803
6.53,-0.864628,-1.49666,4.9905,-0.0600308
6.54,-0.87074,-1.46107,4.99834,-1.40782
6.55,-0.876434,-1.42485,5.00594,-1.93295
6.56,-0.881707,-1.38802,5.0133,-1.90196
6.57,-0.886559,-1.35059,5.02039,-1.03422
6.58,-0.890988,-1.31259,5.0272,0.00614262
6.59,-0.894991,-1.27404,5.03372,-0.250339
6.6,-0.898568,-1.23496,5.03993,-0.124181
6.61,-0.901719,-1.19538,5.04583,-2.94115
6.62,-0.904441,-1.1553,5.0514,-0.0738481
6.63,-0.906736,-1.11476,5.05662,-0.082375
6.64,-0.908602,-1.07377,5.06149,-0.54554
6.65,-0.910039,-1.03237,5.06601,-0.0904907
6.66,-0.911048,-0.990567,5.07015,-0.0564381
6.67,-0.91163,-0.948394,5.07391,-0.242451
6.68,-0.911784,-0.905872,5.07729,-0.266113
6.69,-0.911512,-0.863026,5.08028,-0.163771
6.7,-0.910815,-0.819879,5.08286,-0.107188
6.71,-0.909694,-0.776457,5.08504,-0.168175
6.72,-0.90815,-0.732783,5.08682,-0.726014
6.73,-0.906187,-0.688883,5.08818,-0.378276
6.74,-0.903805,-0.644782,5.08913,-1.02466
6.75,-0.901007,-0.600504,5.08966,0.241137
6.76,-0.897796,-0.556075,5.08977,-0.280838
6.77,-0.894174,-0.511519,5.08946,-0.0443444
6.78,-0.890144,-0.466862,5.08874,0.0179461
6.79,-0.885709,-0.422129,5.0876,-0.100489
6.8,-0.880873,-0.377343,5.08604,-0.0927261
6.81,-0.87564,-0.332531,5.08407,-0.115902
6.82,-0.870012,-0.287717,5.0817,0.302325
6.83,-0.863995,-0.242925,5.07892,0.0252731
6.84,-0.857592,-0.198179,5.07574,-1.70445
6.85,-0.850809,-0.153503,5.07217,0.35921
6.86,-0.843648,-0.108922,5.06821,0.144205
6.87,-0.836116,-0.0644583,5.06387,-1.1621
6.88,-0.828217,-0.0201357,5.05916,0.0509659
6.89,-0.819956,0.0240231,5.05409,-1.70399
6.9,-0.811339,0.0679955,5.04866,-1.59104
6.91,-0.802371,0.111759,5.04289,0.250898
6.92,-0.793058,0.155293,5.03679,-0.0158376
6.93,-0.783406,0.198574,5.03036,0.304325
6.94,-0.77342,0.241582,5.02362,0.30628
6.95,-0.763108,0.284297,5.01658,0.0429983
6.96,-0.752474,0.326698,5.00925,0.549009
6.97,-0.741527,0.368766,5.00165,-0.201505
6.98,-0.730271,0.410481,4.99378,-0.814431
6.99,-0.718714,0.451824,4.98567,0.424177
7,-0.706862,0.492778,4.97732,-0.410455
7.01,-0.694723,0.533324,4.96875,0.538687
7.02,-0.682304,0.573445,4.95998,-1.27509
7.03,-0.669611,0.613125,4.95101,-0.0664496
7.04,-0.656651,0.652346,4.94187,0.428322
7.05,-0.643433,0.691094,4.93257,-3.08658
7.06,-0.629963,0.729353,4.92312,-0.448144
7.07,-0.616249,0.767108,4.91354,-0.766546
7.08,-0.602299,0.804345,4.90384,0.515142
7.09,-0.588119,0.841049,4.89404,-5.03389
7.1,-0.573718,0.877209,4.88416,0.102643
7.11,-0.559103,0.912811,4.87422,-0.70145
7.12,-0.544282,0.947843,4.86421,0.173389
7.13,-0.529263,0.982293,4.85417,-2.81863
7.14,-0.514054,1.01615,4.84411,0.0775636
7.15,-0.498662,1.0494,4.83404,0.603805
7.16,-0.483095,1.08204,4.82398,0.629755
7.17,-0.467362,1.11406,4.81395,-0.361957
7.18,-0.451469,1.14544,4.80395,0.61972
7.19,-0.435426,1.17617,4.794,0.265635
7.2,-0.41924,1.20626,4.78412,0.415957
7.21,-0.402919,1.23569,4.77432,0.100662
7.22,-0.386471,1.26445,4.76462,-0.793859
7.23,-0.369903,1.29253,4.75502,-0.929528
7.24,-0.353224,1.31994,4.74555,0.657433
7.25,-0.336442,1.34666,4.73621,-0.771923
7.26,-0.319565,1.37268,4.72702,0.386107
7.27,-0.3026,1.398,4.71799,0.257959
7.28,-0.285556,1.42262,4.70913,0.310842
7.29,-0.268439,1.44652,4.70045,-0.686527
7.3,-0.251259,1.46971,4.69197,0.0889499
7.31,-0.234022,1.49218,4.68368,0.754478
7.32,-0.216737,1.51393,4.67562,-1.24959
7.33,-0.199412,1.53495,4.66777,0.606125
7.34,-0.182053,1.55523,4.66016,0.372383
7.35,-0.164669,1.57478,4.65279,-0.653701
7.36,-0.147266,1.59359,4.64567,0.567382
7.37,-0.129854,1.61165,4.63881,-0.227477
7.38,-0.112439,1.62898,4.63221,0.373563
7.39,-0.0950283,1.64555,4.62589,0.0815802
7.4,-0.0776297,1.66137,4.61984,-0.684555
7.41,-0.0602506,1.67645,4.61407,-0.254282
7.42,-0.0428982,1.69077,4.60859,0.442608
7.43,-0.0255797,1.70433,4.6034,0.649837
7.44,-0.00830243,1.71713,4.59851,-1.19056
7.45,0.00892662,1.72918,4.59392,-0.244366
7.46,0.0261003,1.74047,4.58963,-0.730496
7.47,0.0432117,1.751,4.58565,-1.67577
7.48,0.0602537,1.76076,4.58198,-0.673215
7.49,0.0772195,1.76976,4.57861,-0.306123
7.5,0.0941023,1.778,4.57555,-1.39046
7.51,0.110895,1.78548,4.5728,-1.04488
7.52,0.127592,1.79219,4.57037,0.264496
7.53,0.144185,1.79814,4.56824,-2.52234
7.54,0.160669,1.80333,4.56641,-1.50831
7.55,0.177036,1.80775,4.5649,-0.510323
7.56,0.193281,1.81141,4.56368,-2.4156
7.57,0.209397,1.81431,4.56277,-4.47343
7.58,0.225377,1.81645,4.56216,0.568598
7.59,0.241216,1.81782,4.56183,0.244159
7.6,0.256907,1.81844,4.5618,0.448512
7.61,0.272444,1.8183,4.56205,-0.359296
7.62,0.287822,1.8174,4.56258,-0.978454
7.63,0.303034,1.81575,4.56339,0.244444
7.64,0.318075,1.81335,4.56446,-1.9496
7.65,0.332938,1.8102,4.56579,-3.93984
7.66,0.347618,1.80629,4.56738,-0.504802
7.67,0.362109,1.80165,4.56921,-2.88861
7.68,0.376407,1.79625,4.57128,-0.16362
7.69,0.390505,1.79012,4.57359,0.00102208
7.7,0.404397,1.78325,4.57612,0.223224
7.71,0.41808,1.77565,4.57886,-1.30887
7.72,0.431547,1.76732,4.5818,0.104138
7.73,0.444794,1.75826,4.58494,-0.201828
7.74,0.457815,1.74848,4.58827,0.262703
7.75,0.470605,1.73798,4.59177,0.198365
7.76,0.483161,1.72677,4.59544,-0.939943
7.77,0.495476,1.71485,4.59926,-2.25925
7.78,0.507547,1.70223,4.60323,0.21876
7.79,0.519368,1.68891,4.60733,-1.21238
7.8,0.530936,1.6749,4.61156,-1.93915
7.81,0.542246,1.66021,4.61589,-0.944633
7.82,0.553294,1.64484,4.62033,-0.275959
7.83,0.564076,1.62879,4.62485,-0.0179601
7.84,0.574587,1.61208,4.62945,-1.24975
7.85,0.584824,1.59472,4.63411,-0.222421
7.86,0.594784,1.5767,4.63883,-0.158864
7.87,0.604461,1.55804,4.64359,0.0754772
7.88,0.613854,1.53875,4.64837,-3.6196
7.89,0.622958,1.51884,4.65318,0.113182
7.9,0.631771,1.49831,4.65799,-0.300945
7.91,0.640288,1.47717,4.66279,0.00226684
7.92,0.648507,1.45544,4.66757,-0.00225765
7.93,0.656426,1.43312,4.67233,-0.0104975
7.94,0.66404,1.41022,4.67704,-0.048913
7.95,0.671348,1.38677,4.6817,-0.433033
7.96,0.678348,1.36275,4.68629,-0.215243
7.97,0.685036,1.3382,4.69081,-0.0829205
7.98,0.69141,1.31312,4.69524,0.144542
7.99,0.697469,1.28751,4.69957,0.0452392
8,0.703211,1.2614,4.7038,-0.0448779
8.01,0.708633,1.2348,4.7079,-1.65849
8.02,0.713733,1.20772,4.71188,0.0440707
8.03,0.718512,1.18017,4.71572,-1.30613
8.04,0.722966,1.15217,4.7194,0.0401656
8.05,0.727095,1.12373,4.72293,-0.35666
8.06,0.730899,1.09486,4.7263,-0.112272
8.07,0.734375,1.06559,4.72948,-0.735709
8.08,0.737523,1.03592,4.73249,0.276704
8.09,0.740342,1.00586,4.7353,0.0330608
8.1,0.742833,0.975447,4.73791,0.215116
8.11,0.744994,0.94468,4.74031,-0.451032
8.12,0.746827,0.913578,4.7425,-0.470519
8.13,0.748329,0.882158,4.74447,0.238886
8.14,0.749503,0.850435,4.74621,0.260482
8.15,0.750348,0.818426,4.74772,0.309272
8.16,0.750865,0.786147,4.749,-0.0386983
8.17,0.751054,0.753615,4.75003,-0.0630462
8.18,0.750917,0.720847,4.75082,0.314004
8.19,0.750453,0.687858,4.75135,0.0811241
8.2,0.749665,0.654666,4.75164,0.316696
8.21,0.748554,0.621288,4.75166,0.19391
8.22,0.74712,0.587741,4.75143,0.330874
8.23,0.745367,0.554042,4.75094,-1.30731
8.24,0.743294,0.520207,4.75019,0.111584
8.25,0.740905,0.486255,4.74917,0.362308
8.26,0.738202,0.452201,4.7479,-0.125718
8.27,0.735186,0.418064,4.74636,-0.0799528
8.28,0.73186,0.38386,4.74455,-0.646577
8.29,0.728227,0.349605,4.74249,0.346561
8.3,0.724289,0.315318,4.74016,0.132324
8.31,0.720049,0.281015,4.73757,0.0919425
8.32,0.715509,0.246712,4.73473,-0.259557
8.33,0.710674,0.212426,4.73164,-1.47121
8.34,0.705545,0.178175,4.72829,0.418272
8.35,0.700127,0.143973,4.72469,-0.624539
8.36,0.694423,0.109837,4.72086,-0.807907
8.37,0.688437,0.0757836,4.71678,0.457351
8.38,0.682172,0.0418285,4.71247,-1.20367
8.39,0.675631,0.00798717,4.70793,-0.0447732
8.4,0.66882,-0.0257248,4.70316,0.416251
8.41,0.661742,-0.0592922,4.69818,-0.0431295
8.42,0.654401,-0.0927,4.69298,0.230875
8.43,0.646801,-0.125933,4.68758,0.347102
8.44,0.638948,-0.158978,4.68198,0.360389
8.45,0.630844,-0.191819,4.67619,-0.22415
8.46,0.622496,-0.224443,4.67021,0.170314
8.47,0.613907,-0.256835,4.66406,0.247264
8.48,0.605083,-0.288983,4.65773,-0.227902
8.49,0.596027,-0.320873,4.65125,0.355123
8.5,0.586746,-0.352493,4.64461,0.443652
8.51,0.577244,-0.383829,4.63782,-1.11357
8.52,0.567527,-0.414869,4.6309,-1.73959
8.53,0.557598,-0.445601,4.62386,-1.5562
8.54,0.547464,-0.476014,4.61669,-0.513429
8.55,0.53713,-0.506096,4.60941,-0.561266
8.56,0.526602,-0.535836,4.60204,-0.370692
8.57,0.515883,-0.565222,4.59457,-0.692201
8.58,0.504981,-0.594246,4.58702,0.0344768
8.59,0.493901,-0.622896,4.5794,-0.423553
8.6,0.482647,-0.651162,4.57171,0.567668
8.61,0.471226,-0.679035,4.56397,-0.895922
8.62,0.459644,-0.706506,4.55619,-4.22138
8.63,0.447905,-0.733566,4.54837,-0.990377
8.64,0.436016,-0.760205,4.54052,0.460535
8.65,0.423983,-0.786417,4.53266,-0.908457
8.66,0.41181,-0.812192,4.52479,-1.32775
8.67,0.399505,-0.837523,4.51692,0.0809429
8.68,0.387072,-0.862402,4.50907,-1.50583
8.69,0.374517,-0.886823,4.50123,-0.12375
8.7,0.361847,-0.910778,4.49343,-0.0739628
8.71,0.349067,-0.934262,4.48566,0.293191
8.72,0.336182,-0.957266,4.47793,-0.311279
8.73,0.323199,-0.979786,4.47027,-0.751458
8.74,0.310124,-1.00182,4.46266,-1.67192
8.75,0.296963,-1.02335,4.45513,0.591031
8.76,0.28372,-1.04438,4.44768,0.650214
8.77,0.270402,-1.06491,4.44031,0.803331
8.78,0.257016,-1.08493,4.43304,0.532927
8.79,0.243566,-1.10443,4.42587,0.808119
8.8,0.230058,-1.12341,4.41881,-1.00518
8.81,0.216498,-1.14187,4.41187,0.285752
8.82,0.202892,-1.1598,4.40505,0.817728
8.83,0.189246,-1.17719,4.39835,-3.96319
8.84,0.175566,-1.19406,4.39179,0.259662
8.85,0.161856,-1.21038,4.38538,0.639806
8.86,0.148123,-1.22617,4.37911,0.462322
8.87,0.134372,-1.24141,4.37299,-2.44954
8.88,0.120609,-1.25611,4.36703,-0.211933
8.89,0.106839,-1.27025,4.36123,-1.63167
8.9,0.0930688,-1.28385,4.35559,-2.84425
8.91,0.0793028,-1.29689,4.35013,0.626527
8.92,0.0655467,-1.30938,4.34484,-0.271137
8.93,0.051806,-1.32131,4.33972,0.600248
8.94,0.0380861,-1.33269,4.33479,-0.237213
8.95,0.0243924,-1.3435,4.33004,0.394252
8.96,0.01073,-1.35375,4.32547,-1.74152
8.97,-0.00289556,-1.36344,4.3211,-1.55925
8.98,-0.0164792,-1.37257,4.31691,0.583389
8.99,-0.0300157,-1.38114,4.31292,0.567733
9,-0.0435,-1.38914,4.30911,-1.42611
9.01,-0.0569268,-1.39658,4.30551,0.528385
9.02,-0.0702913,-1.40345,4.30209,0.381324
9.03,-0.0835883,-1.40976,4.29888,0.138088
9.04,-0.096813,-1.4155,4.29585,0.126434
9.05,-0.10996,-1.42067,4.29302,0.166068
9.06,-0.123026,-1.42529,4.29039,-0.611229
9.07,-0.136004,-1.42933,4.28795,-0.347265
9.08,-0.148891,-1.43282,4.2857,-1.01845
9.09,-0.161681,-1.43574,4.28365,-0.672547
9.1,-0.17437,-1.4381,4.28178,-0.688067
9.11,-0.186954,-1.43989,4.2801,0.616482
9.12,-0.199428,-1.44113,4.2786,0.0871843
9.13,-0.211787,-1.44181,4.27729,-0.194252
9.14,-0.224026,-1.44193,4.27615,-0.466619
9.15,-0.236143,-1.44149,4.27519,0.576854
9.16,-0.248132,-1.4405,4.27441,0.323677
9.17,-0.259989,-1.43896,4.27379,-1.03599
9.18,-0.27171,-1.43686,4.27334,-0.00627591
9.19,-0.283291,-1.43422,4.27305,-0.292399
9.2,-0.294727,-1.43103,4.27292,0.284114
9.21,-0.306016,-1.4273,4.27294,0.181222
9.22,-0.317152,-1.42303,4.27311,-0.231535
9.23,-0.328132,-1.41822,4.27342,-4.89505
9.24,-0.338952,-1.41287,4.27387,-2.42636
9.25,-0.349609,-1.40699,4.27445,0.275127
9.26,-0.360099,-1.40058,4.27515,-2.22953
9.27,-0.370418,-1.39365,4.27598,0.447573
9.28,-0.380562,-1.3862,4.27692,-0.0326796
9.29,-0.390529,-1.37822,4.27798,-0.40146
9.3,-0.400315,-1.36974,4.27913,-1.69992
9.31,-0.409916,-1.36074,4.28038,-0.420432
9.32,-0.41933,-1.35124,4.28172,-0.00481343
9.33,-0.428554,-1.34123,4.28315,0.414968
9.34,-0.437583,-1.33073,4.28465,-0.394063
9.35,-0.446416,-1.31974,4.28622,0.176048
9.36,-0.455048,-1.30826,4.28786,-0.00552396
9.37,-0.463479,-1.29631,4.28955,-1.34294
9.38,-0.471704,-1.28387,4.29129,0.115843
9.39,-0.479721,-1.27097,4.29308,-0.436943
9.4,-0.487528,-1.2576,4.2949,-1.3687
9.41,-0.495122,-1.24377,4.29675,-0.660789
9.42,-0.5025,-1.22949,4.29862,0.0548627
9.43,-0.509661,-1.21477,4.30051,-0.122216
9.44,-0.516602,-1.19961,4.3024,-0.504251
9.45,-0.523321,-1.18402,4.30429,0.0525487
9.46,-0.529815,-1.168,4.30618,0.013134
9.47,-0.536084,-1.15156,4.30806,-0.0479746
9.48,-0.542124,-1.13472,4.30991,0.124172
9.49,-0.547935,-1.11747,4.31174,-0.274085
9.5,-0.553514,-1.09982,4.31353,0.352643
9.51,-0.558861,-1.08179,4.31528,-0.41103
9.52,-0.563972,-1.06339,4.31699,0.0806076
9.53,-0.568848,-1.04461,4.31864,-0.132668
9.54,-0.573487,-1.02547,4.32023,-0.181992
9.55,-0.577888,-1.00597,4.32176,0.100024
9.56,-0.582049,-0.986137,4.32322,-0.115517
9.57,-0.585969,-0.965965,4.32459,0.0862939
9.58,-0.589648,-0.945467,4.32588,0.052713
9.59,-0.593085,-0.924652,4.32709,0.316325
9.6,-0.596279,-0.90353,4.3282,0.0282905
9.61,-0.59923,-0.88211,4.3292,0.0892218
9.62,-0.601937,-0.860403,4.33011,0.0787724
9.63,-0.604399,-0.838419,4.3309,0.0455272
9.64,-0.606617,-0.816166,4.33158,0.228311
9.65,-0.60859,-0.793656,4.33214,0.238424
9.66,-0.610318,-0.770899,4.33257,-3.01456
9.67,-0.611802,-0.747906,4.33288,0.08473
9.68,-0.613041,-0.724686,4.33306,0.0250241
9.69,-0.614035,-0.70125,4.3331,0.0938477
9.7,-0.614785,-0.677609,4.333,-0.0497661
9.71,-0.615291,-0.653774,4.33276,-0.368555
9.72,-0.615555,-0.629755,4.33238,-0.906036
9.73,-0.615576,-0.605564,4.33185,0.112278
9.74,-0.615355,-0.581212,4.33117,0.0100395
9.75,-0.614893,-0.556709,4.33034,0.105209
9.76,-0.614192,-0.532066,4.32936,0.0483973
9.77,-0.613251,-0.507295,4.32822,-0.176035
9.78,-0.612073,-0.482407,4.32692,0.0811537
9.79,-0.610658,-0.457412,4.32547,0.138256
9.8,-0.609008,-0.432323,4.32386,0.0243131
9.81,-0.607125,-0.407149,4.32209,-0.72392
9.82,-0.605009,-0.381903,4.32016,0.0396708
9.83,-0.602663,-0.356595,4.31807,0.0216298
9.84,-0.600089,-0.331236,4.31582,-2.37558
9.85,-0.597287,-0.305838,4.31341,-0.0179342
9.86,-0.59426,-0.280411,4.31085,-0.478832
9.87,-0.591011,-0.254966,4.30812,0.29143
9.88,-0.58754,-0.229515,4.30524,-0.668137
9.89,-0.583851,-0.204068,4.30221,0.141158
9.9,-0.579945,-0.178635,4.29902,-0.116253
9.91,-0.575825,-0.153228,4.29569,-0.015154
9.92,-0.571494,-0.127858,4.2922,-0.325058
9.93,-0.566954,-0.102534,4.28856,0.25435
9.94,-0.562207,-0.0772666,4.28478,-1.16428
9.95,-0.557256,-0.0520669,4.28086,0.134912
9.96,-0.552104,-0.0269447,4.2768,0.320444
9.97,-0.546753,-0.00191003,4.27261,-0.523857
9.98,-0.541208,0.0230271,4.26828,-0.222409
9.99,-0.53547,0.0478569,4.26382,-0.298952
10,-0.529542,0.0725697,4.25924,-0.396413
10.01,-0.523429,0.0971559,4.25454,-1.5675
10.02,-0.517132,0.121606,4.24972,0.276264
10.03,-0.510655,0.145911,4.24478,-0.319606
10.04,-0.504001,0.170062,4.23974,-0.258259
10.05,-0.497175,0.19405,4.23459,-0.225201
10.06,-0.490178,0.217866,4.22934,-0.473424
10.07,-0.483015,0.241501,4.224,-1.01179
10.08,-0.475689,0.264947,4.21856,-1.20203
10.09,-0.468203,0.288196,4.21304,0.200076
10.1,-0.460562,0.31124,4.20744,-0.488126
10.11,-0.452769,0.33407,4.20176,-0.902049
10.12,-0.444827,0.356679,4.19601,-0.91125
10.13,-0.43674,0.37906,4.1902,0.437327
10.14,-0.428512,0.401205,4.18432,0.257233
10.15,-0.420147,0.423106,4.17839,0.493611
10.16,-0.411648,0.444757,4.17241,-1.6506
10.17,-0.40302,0.466152,4.16639,0.135801
10.18,-0.394266,0.487282,4.16032,-1.99129
10.19,-0.38539,0.508143,4.15423,-0.465865
10.2,-0.376397,0.528726,4.1481,0.457395
10.21,-0.367289,0.549028,4.14195,-1.25942
10.22,-0.358072,0.56904,4.13579,-0.354749
10.23,-0.348748,0.588759,4.12961,0.459227
10.24,-0.339323,0.608178,4.12342,0.692389
10.25,-0.3298,0.627291,4.11723,-0.353664
10.26,-0.320182,0.646094,4.11105,0.408686
10.27,-0.310475,0.664582,4.10488,0.697828
10.28,-0.300683,0.682749,4.09872,0.280721
10.29,-0.290808,0.700591,4.09257,-0.331168
10.3,-0.280856,0.718103,4.08646,0.327028
10.31,-0.27083,0.735282,4.08037,0.686021
10.32,-0.260735,0.752123,4.07432,-0.243766
10.33,-0.250574,0.768621,4.0683,0.624981
10.34,-0.240352,0.784774,4.06233,0.718993
10.35,-0.230073,0.800577,4.05641,0.353635
10.36,-0.219741,0.816027,4.05053,-1.11627
10.37,-0.209359,0.83112,4.04472,0.564852
10.38,-0.198933,0.845853,4.03897,0.701418
10.39,-0.188465,0.860224,4.03328,0.539058
10.4,-0.17796,0.874229,4.02766,0.436313
10.41,-0.167422,0.887865,4.02211,-0.018935
10.42,-0.156856,0.901131,4.01664,0.720844
10.43,-0.146264,0.914022,4.01125,0.0887404
10.44,-0.135651,0.926538,4.00595,0.528222
10.45,-0.125022,0.938675,4.00073,-2.06916
10.46,-0.114379,0.950432,3.9956,0.195246
10.47,-0.103727,0.961807,3.99056,-1.16723
10.48,-0.0930694,0.972798,3.98562,0.365887
10.49,-0.0824106,0.983403,3.98078,0.542623
10.5,-0.0717544,0.993621,3.97604,-1.70796
10.51,-0.0611044,1.00345,3.97141,-0.667715
10.52,-0.0504645,1.01289,3.96687,-0.459171
10.53,-0.0398386,1.02194,3.96245,-0.375626
10.54,-0.0292303,1.03059,3.95814,-0.3017
10.55,-0.0186434,1.03885,3.95393,0.408187
10.56,-0.00808159,1.04672,3.94984,-0.0763949
10.57,0.00245144,1.05419,3.94586,0.323478
10.58,0.0129521,1.06127,3.942,-2.23463
10.59,0.0234166,1.06795,3.93825,-0.586307
10.6,0.0338416,1.07424,3.93462,-1.94349
10.61,0.0442234,1.08013,3.93111,0.618308
10.62,0.0545585,1.08562,3.92772,0.216492
10.63,0.0648434,1.09071,3.92444,0.37055
10.64,0.0750747,1.09541,3.92128,-1.94773
10.65,0.085249,1.09971,3.91824,-0.161
10.66,0.0953628,1.10361,3.91532,-0.17773
10.67,0.105413,1.10712,3.91252,-3.73737
10.68,0.115396,1.11023,3.90983,-0.0825614
10.69,0.125308,1.11295,3.90726,-0.822745
10.7,0.135148,1.11527,3.90481,-0.368535
10.71,0.14491,1.1172,3.90246,-1.10658
10.72,0.154592,1.11873,3.90024,0.344555
10.73,0.164192,1.11987,3.89812,-0.886742
10.74,0.173705,1.12062,3.89612,-1.50207
10.75,0.183129,1.12098,3.89422,0.0491076
10.76,0.192461,1.12096,3.89244,0.296187
10.77,0.201698,1.12054,3.89075,-3.65478
10.78,0.210837,1.11974,3.88917,-1.4421
10.79,0.219875,1.11855,3.88769,0.115362
10.8,0.228809,1.11698,3.88632,-0.733244
10.81,0.237638,1.11503,3.88503,-1.88003
10.82,0.246356,1.1127,3.88384,0.24488
10.83,0.254964,1.11,3.88275,-3.31243
10.84,0.263456,1.10692,3.88174,-0.456055
10.85,0.271832,1.10346,3.88081,0.230892
10.86,0.280088,1.09964,3.87997,0.194161
10.87,0.288222,1.09544,3.87921,-0.101631
10.88,0.296232,1.09088,3.87853,0.184467
10.89,0.304114,1.08596,3.87792,-2.09994
10.9,0.311868,1.08067,3.87738,-1.09019
10.91,0.31949,1.07503,3.8769,-0.040662
10.92,0.326978,1.06904,3.87649,0.274806
10.93,0.33433,1.06269,3.87614,-0.160629
10.94,0.341544,1.05599,3.87584,-0.188019
10.95,0.348618,1.04895,3.8756,-0.00623631
10.96,0.35555,1.04156,3.87541,0.16881
10.97,0.362338,1.03384,3.87526,-0.878931
10.98,0.36898,1.02578,3.87515,-1.88878
10.99,0.375473,1.01739,3.87507,0.109696
11,0.381817,1.00867,3.87503,-0.167035
11.01,0.38801,0.999632,3.87502,-0.310991
11.02,0.394049,0.990271,3.87504,0.095058
11.03,0.399934,0.980594,3.87508,-0.542158
11.04,0.405662,0.970606,3.87513,-0.117433
11.05,0.411232,0.96031,3.8752,0.365194
11.06,0.416643,0.949712,3.87528,-1.02925
11.07,0.421893,0.938816,3.87536,0.314183
11.08,0.426981,0.927626,3.87545,-0.310816
11.09,0.431906,0.916147,3.87553,-0.734483
11.1,0.436666,0.904385,3.87561,0.160703
11.11,0.44126,0.892343,3.87568,-0.0967236
11.12,0.445687,0.880028,3.87573,-1.04708
11.13,0.449946,0.867444,3.87577,-1.16571
11.14,0.454037,0.854597,3.87579,-0.451191
11.15,0.457957,0.841491,3.87578,-1.85709
11.16,0.461707,0.828133,3.87574,-0.407275
11.17,0.465285,0.814527,3.87567,-1.149
11.18,0.468692,0.800681,3.87557,-0.189693
11.19,0.471925,0.786598,3.87542,-8.70083
11.2,0.474985,0.772285,3.87524,0.276606
11.21,0.477871,0.757748,3.87501,0.188007
11.22,0.480582,0.742993,3.87473,0.277377
11.23,0.483119,0.728026,3.8744,-0.438558
11.24,0.48548,0.712853,3.87402,0.323989
11.25,0.487666,0.69748,3.87357,-0.839149
11.26,0.489676,0.681914,3.87307,0.162333
11.27,0.491511,0.66616,3.8725,0.162725
11.28,0.493169,0.650225,3.87187,-0.0696509
11.29,0.494652,0.634116,3.87117,-1.42953
11.3,0.495959,0.61784,3.8704,0.162119
11.31,0.49709,0.601401,3.86956,-0.534129
11.32,0.498045,0.584809,3.86864,0.0876219
11.33,0.498825,0.568068,3.86765,0.168637
11.34,0.49943,0.551185,3.86657,-1.7111
11.35,0.49986,0.534168,3.86542,-0.419832
11.36,0.500116,0.517023,3.86418,-0.810856
11.37,0.500199,0.499757,3.86286,0.0270581
11.38,0.500108,0.482377,3.86146,0.340999
11.39,0.499844,0.464889,3.85996,-2.11904
11.4,0.499409,0.447301,3.85838,0.349467
11.41,0.498802,0.429619,3.85671,0.316528
11.42,0.498025,0.41185,3.85496,0.341284
11.43,0.497079,0.394002,3.85311,-1.26177
11.44,0.495964,0.37608,3.85117,-3.16672
11.45,0.494682,0.358093,3.84913,-1.49351
11.46,0.493233,0.340046,3.84701,0.350212
11.47,0.491618,0.321947,3.84479,-0.102026
11.48,0.48984,0.303802,3.84249,-0.52534
11.49,0.487898,0.285619,3.84009,0.150389
11.5,0.485795,0.267404,3.83759,-0.246763
11.51,0.483531,0.249165,3.83501,-0.0179156
11.52,0.481108,0.230907,3.83233,-1.60759
11.53,0.478527,0.212638,3.82957,0.403728
11.54,0.47579,0.194364,3.82671,0.384552
11.55,0.472899,0.176092,3.82376,0.193525
11.56,0.469855,0.157829,3.82073,-2.89819
11.57,0.466659,0.139581,3.8176,0.19132
11.58,0.463314,0.121355,3.8144,0.431083
11.59,0.459821,0.103157,3.8111,-0.587648
11.6,0.456181,0.0849938,3.80772,0.402122
11.61,0.452398,0.0668717,3.80426,-3.02967
11.62,0.448471,0.048797,3.80072,-1.75842
11.63,0.444405,0.0307759,3.7971,-1.71925
11.64,0.440199,0.0128145,3.7934,0.465376
11.65,0.435858,-0.00508096,3.78962,-2.55708
11.66,0.431381,-0.0229045,3.78578,0.354696
11.67,0.426773,-0.0406502,3.78186,-4.05073
11.68,0.422034,-0.0583122,3.77787,-0.281666
11.69,0.417166,-0.0758846,3.77381,-0.289012
11.7,0.412173,-0.0933618,3.76969,0.391811
11.71,0.407056,-0.110738,3.7655,0.475906
11.72,0.401818,-0.128008,3.76125,0.285661
11.73,0.396461,-0.145166,3.75695,0.199537
11.74,0.390986,-0.162207,3.75259,0.26429
11.75,0.385398,-0.179125,3.74818,-2.64726
11.76,0.379697,-0.195916,3.74371,0.207914
11.77,0.373886,-0.212574,3.7392,0.340807
11.78,0.367968,-0.229095,3.73465,0.353234
11.79,0.361946,-0.245472,3.73005,-0.524785
11.8,0.355821,-0.261703,3.72541,0.103449
11.81,0.349596,-0.277781,3.72074,0.409936
11.82,0.343274,-0.293703,3.71603,-0.116412
11.83,0.336857,-0.309464,3.71129,-0.226244
11.84,0.330349,-0.325059,3.70652,-1.51554
11.85,0.32375,-0.340484,3.70173,0.0301681
11.86,0.317065,-0.355735,3.69691,-1.483
11.87,0.310295,-0.370809,3.69208,0.196994
11.88,0.303444,-0.3857,3.68723,0.583759
11.89,0.296513,-0.400405,3.68237,-1.0689
11.9,0.289506,-0.414921,3.67749,0.399241
11.91,0.282425,-0.429243,3.67261,0.400759
11.92,0.275274,-0.443368,3.66772,-1.80895
11.93,0.268053,-0.457293,3.66283,0.0107131
11.94,0.260768,-0.471014,3.65795,-0.132325
11.95,0.253419,-0.484528,3.65306,-0.0197091
11.96,0.24601,-0.497832,3.64819,-4.61145
11.97,0.238543,-0.510923,3.64332,-2.08445
11.98,0.231021,-0.523797,3.63846,0.463832
11.99,0.223447,-0.536452,3.63362,-1.4359
12,0.215824,-0.548886,3.6288,0.39874
12.01,0.208154,-0.561095,3.624,0.039683
12.02,0.20044,-0.573076,3.61922,0.0990968
12.03,0.192685,-0.584828,3.61446,0.440959
12.04,0.184891,-0.596348,3.60973,0.411904
12.05,0.177061,-0.607634,3.60504,0.532191
12.06,0.169198,-0.618683,3.60037,0.611815
12.07,0.161304,-0.629493,3.59574,0.138503
12.08,0.153383,-0.640063,3.59115,-0.511208
12.09,0.145436,-0.65039,3.5866,0.428677
12.1,0.137467,-0.660473,3.58209,0.402617
12.11,0.129478,-0.670309,3.57762,0.345571
12.12,0.121472,-0.679898,3.5732,0.27793
12.13,0.113452,-0.689237,3.56882,0.107669
12.14,0.105419,-0.698325,3.5645,-0.691241
12.15,0.0973776,-0.707161,3.56022,0.0719434
12.16,0.0893293,-0.715743,3.556,-2.08308
12.17,0.081277,-0.72407,3.55183,0.218089
12.18,0.0732232,-0.732141,3.54772,0.379905
12.19,0.0651705,-0.739955,3.54366,0.103987
12.2,0.0571215,-0.74751,3.53967,0.245159
12.21,0.0490788,-0.754806,3.53573,-0.34546
12.22,0.0410447,-0.761842,3.53186,-0.312891
12.23,0.0330219,-0.768617,3.52804,0.224057
12.24,0.0250127,-0.775131,3.52429,0.353063
12.25,0.0170198,-0.781382,3.52061,0.253697
12.26,0.00904551,-0.78737,3.51698,-0.70144
12.27,0.00109229,-0.793095,3.51343,-0.468857
12.28,-0.00683744,-0.798557,3.50994,-0.884615
12.29,-0.0147413,-0.803754,3.50652,-0.783011
12.3,-0.0226169,-0.808687,3.50317,0.184082
12.31,-0.0304619,-0.813355,3.49988,-1.92705
12.32,-0.038274,-0.817759,3.49666,-0.148205
12.33,-0.0460509,-0.821898,3.49351,0.161778
12.34,-0.0537902,-0.825772,3.49043,0.0531932
12.35,-0.0614897,-0.829381,3.48742,-2.49678
12.36,-0.0691473,-0.832725,3.48448,-0.728528
12.37,-0.0767606,-0.835805,3.4816,0.172072
12.38,-0.0843274,-0.838621,3.4788,0.291702
12.39,-0.0918457,-0.841173,3.47606,0.291547
12.4,-0.0993133,-0.843461,3.47339,-0.743388
12.41,-0.106728,-0.845487,3.47079,-0.346782
12.42,-0.114088,-0.847249,3.46825,-0.926023
12.43,-0.121391,-0.84875,3.46578,-0.524958
12.44,-0.128634,-0.849989,3.46338,-1.39591
12.45,-0.135817,-0.850968,3.46104,0.0555697
12.46,-0.142937,-0.851687,3.45877,0.243985
12.47,-0.149991,-0.852147,3.45656,-0.89278
12.48,-0.156979,-0.852348,3.45441,-2.83362
12.49,-0.163898,-0.852293,3.45233,-0.525048
12.5,-0.170746,-0.851981,3.4503,-3.19626
12.51,-0.177522,-0.851414,3.44834,-0.374793
12.52,-0.184224,-0.850593,3.44643,-0.0283087
12.53,-0.190849,-0.849519,3.44458,-0.116621
12.54,-0.197396,-0.848193,3.44278,-1.21831
12.55,-0.203864,-0.846618,3.44104,0.417409
12.56,-0.210251,-0.844793,3.43935,-1.26785
12.57,-0.216555,-0.842721,3.43771,-0.356744
12.58,-0.222774,-0.840404,3.43612,-0.7745
12.59,-0.228907,-0.837841,3.43458,0.064171
12.6,-0.234952,-0.835036,3.43309,-1.66252
12.61,-0.240908,-0.831991,3.43164,-2.02537
12.62,-0.246773,-0.828705,3.43023,-1.23257
12.63,-0.252546,-0.825183,3.42887,-1.07572
12.64,-0.258225,-0.821424,3.42754,-0.886947
12.65,-0.26381,-0.817432,3.42626,0.0453537
12.66,-0.269297,-0.813209,3.425,-1.89373
12.67,-0.274687,-0.808755,3.42379,-0.441652
12.68,-0.279978,-0.804074,3.4226,-0.395011
12.69,-0.285169,-0.799168,3.42144,-0.111115
12.7,-0.290258,-0.794039,3.42031,-0.0425257
12.71,-0.295244,-0.788688,3.41921,-3.44205
12.72,-0.300126,-0.78312,3.41813,-1.41491
12.73,-0.304904,-0.777335,3.41707,-0.298036
12.74,-0.309575,-0.771336,3.41604,-2.46867
12.75,-0.314138,-0.765126,3.41502,0.311597
12.76,-0.318594,-0.758708,3.41401,0.0662668
12.77,-0.32294,-0.752084,3.41302,-0.863368
12.78,-0.327177,-0.745257,3.41204,-0.726445
12.79,-0.331302,-0.738229,3.41107,-0.0434154
12.8,-0.335315,-0.731003,3.41011,-0.416278
12.81,-0.339215,-0.723582,3.40916,-0.380658
12.82,-0.343002,-0.71597,3.4082,-1.18029
12.83,-0.346674,-0.708169,3.40725,-0.316756
12.84,-0.350232,-0.700181,3.4063,-1.8176
12.85,-0.353673,-0.692011,3.40534,-0.306129
12.86,-0.356998,-0.683661,3.40438,-3.09707
12.87,-0.360206,-0.675134,3.40341,-0.47516
12.88,-0.363297,-0.666434,3.40244,-0.0664385
12.89,-0.366269,-0.657564,3.40145,-0.810254
12.9,-0.369122,-0.648526,3.40045,-0.101907
12.91,-0.371857,-0.639326,3.39944,-1.00155
12.92,-0.374471,-0.629965,3.39841,-1.20373
12.93,-0.376966,-0.620447,3.39736,-0.0396483
12.94,-0.379341,-0.610777,3.39629,0.0191357
12.95,-0.381595,-0.600956,3.3952,-0.750799
12.96,-0.383728,-0.59099,3.39408,0.28556
12.97,-0.38574,-0.580881,3.39294,0.0570444
12.98,-0.387631,-0.570633,3.39178,-1.21937
12.99,-0.3894,-0.56025,3.39058,0.0273228
13,-0.391048,-0.549736,3.38936,0.0602438
13.01,-0.392574,-0.539093,3.3881,-2.6308
13.02,-0.393978,-0.528327,3.38682,-1.69342
13.03,-0.395261,-0.517441,3.38549,-0.197896
13.04,-0.396422,-0.506438,3.38414,-2.04285
13.05,-0.397461,-0.495323,3.38274,0.210207
13.06,-0.398379,-0.484099,3.38131,-0.637275
13.07,-0.399176,-0.47277,3.37983,-0.255138
13.08,-0.399851,-0.461341,3.37832,0.108009
13.09,-0.400406,-0.449815,3.37677,-0.102482
13.1,-0.400839,-0.438196,3.37517,-2.077
13.11,-0.401153,-0.426488,3.37353,-0.640463
13.12,-0.401346,-0.414695,3.37184,-0.769159
13.13,-0.40142,-0.402821,3.37011,0.296566
13.14,-0.401374,-0.390871,3.36834,-1.23825
13.15,-0.40121,-0.378847,3.36651,-0.0783215
13.16,-0.400927,-0.366755,3.36464,-0.999744
13.17,-0.400527,-0.354598,3.36273,0.295574
13.18,-0.400009,-0.34238,3.36076,-1.57293
13.19,-0.399374,-0.330106,3.35874,0.281921
13.2,-0.398624,-0.317779,3.35668,0.189102
13.21,-0.397758,-0.305404,3.35456,-1.15305
13.22,-0.396777,-0.292983,3.3524,0.00257375
13.23,-0.395682,-0.280523,3.35018,-2.47246
13.24,-0.394474,-0.268026,3.34792,-2.3296
13.25,-0.393153,-0.255496,3.3456,-0.652136
13.26,-0.391721,-0.242939,3.34324,-0.125681
13.27,-0.390178,-0.230356,3.34082,0.0875303
13.28,-0.388525,-0.217754,3.33835,0.194897
13.29,-0.386763,-0.205134,3.33583,-0.497524
13.3,-0.384893,-0.192503,3.33327,-0.462776
13.31,-0.382915,-0.179862,3.33065,0.0589613
13.32,-0.380832,-0.167217,3.32798,-0.7115
13.33,-0.378643,-0.154572,3.32527,0.349351
13.34,-0.376351,-0.141929,3.3225,-0.698898
13.35,-0.373955,-0.129293,3.31969,-0.200956
13.36,-0.371458,-0.116668,3.31683,-1.32679
13.37,-0.36886,-0.104058,3.31392,-3.77903
13.38,-0.366162,-0.0914657,3.31097,0.354791
13.39,-0.363366,-0.0788955,3.30797,-1.67159
13.4,-0.360473,-0.0663511,3.30493,-1.24965
13.41,-0.357484,-0.0538361,3.30184,-0.288757
13.42,-0.354401,-0.041354,3.29871,0.380958
13.43,-0.351224,-0.0289085,3.29554,-0.100754
13.44,-0.347955,-0.0165031,3.29232,-0.86749
13.45,-0.344595,-0.00414136,3.28907,-1.49027
13.46,-0.341146,0.00817329,3.28577,0.179641
13.47,-0.337609,0.0204374,3.28244,-0.840958
13.48,-0.333986,0.0326476,3.27907,-0.774583
13.49,-0.330277,0.0448005,3.27566,0.140083
13.5,-0.326485,0.0568929,3.27222,-0.237901
13.51,-0.32261,0.0689215,3.26875,0.156746
13.52,-0.318655,0.0808831,3.26524,0.00880506
13.53,-0.31462,0.0927744,3.2617,0.175324
13.54,-0.310507,0.104593,3.25814,-0.00389418
13.55,-0.306318,0.116334,3.25454,0.227211
13.56,-0.302055,0.127997,3.25091,-1.73019
13.57,-0.297718,0.139577,3.24726,-0.559685
13.58,-0.293309,0.151071,3.24359,0.232908
13.59,-0.288831,0.162478,3.23989,-1.23489
13.6,-0.284284,0.173794,3.23617,-0.579321
13.61,-0.27967,0.185016,3.23243,0.162014
13.62,-0.274991,0.196141,3.22867,-0.12792
13.63,-0.270248,0.207168,3.2249,-0.291016
13.64,-0.265443,0.218093,3.2211,-0.166927
13.65,-0.260578,0.228913,3.2173,-1.91137
13.66,-0.255654,0.239627,3.21348,-0.379208
13.67,-0.250672,0.250232,3.20964,-0.925075
13.68,-0.245636,0.260725,3.2058,-0.506155
13.69,-0.240546,0.271104,3.20195,-0.764266
13.7,-0.235404,0.281367,3.19809,-0.889131
13.71,-0.230211,0.291512,3.19423,-0.201063
13.72,-0.22497,0.301536,3.19036,-0.288859
13.73,-0.219681,0.311437,3.18649,-0.793016
13.74,-0.214348,0.321214,3.18262,0.00987951
13.75,-0.208971,0.330864,3.17875,-0.0715264
13.76,-0.203552,0.340385,3.17488,-2.01042
13.77,-0.198093,0.349775,3.17102,0.216914
13.78,-0.192595,0.359032,3.16716,-0.371863
13.79,-0.187061,0.368156,3.1633,0.47658
13.8,-0.181491,0.377143,3.15945,0.354178
13.81,-0.175888,0.385992,3.15561,-1.30076
13.82,-0.170254,0.394702,3.15178,0.400714
13.83,-0.16459,0.403271,3.14797,0.493176
13.84,-0.158897,0.411698,3.14416,-0.00424595
13.85,-0.153179,0.41998,3.14037,0.123638
13.86,-0.147435,0.428117,3.13659,0.0300921
13.87,-0.141668,0.436107,3.13284,0.438735
13.88,-0.13588,0.443948,3.12909,0.498758
13.89,-0.130072,0.45164,3.12537,0.218146
13.9,-0.124246,0.459182,3.12167,-0.213708
13.91,-0.118404,0.466571,3.11799,-0.0435667
13.92,-0.112547,0.473807,3.11433,0.232775
13.93,-0.106678,0.48089,3.11069,0.190723
13.94,-0.100797,0.487816,3.10708,0.261635
13.95,-0.0949059,0.494587,3.10349,-1.62388
13.96,-0.0890072,0.501201,3.09994,-0.176466
13.97,-0.0831023,0.507656,3.0964,0.0732716
13.98,-0.0771926,0.513952,3.0929,-0.253034
13.99,-0.0712799,0.520089,3.08942,-0.111146
14,-0.0653658,0.526065,3.08598,0.158302
14.01,-0.0594518,0.53188,3.08256,0.273698
14.02,-0.0535397,0.537534,3.07918,-0.336947
14.03,-0.0476309,0.543024,3.07583,0.0529561
14.04,-0.0417271,0.548352,3.07251,-0.48036
14.05,-0.0358298,0.553515,3.06923,-0.75946
14.06,-0.0299407,0.558515,3.06598,-1.92758
14.07,-0.0240612,0.56335,3.06276,0.00902449
14.08,-0.018193,0.56802,3.05958,0.138488
14.09,-0.0123375,0.572525,3.05644,-3.06711
14.1,-0.00649625,0.576863,3.05333,-0.49791
14.11,-0.000670791,0.581036,3.05026,0.375591
14.12,0.00513739,0.585043,3.04722,-0.772051
14.13,0.0109268,0.588883,3.04422,0.227279
14.14,0.016696,0.592556,3.04126,-3.71272
14.15,0.0224435,0.596063,3.03834,0.139035
14.16,0.0281679,0.599403,3.03545,-0.190299
14.17,0.0338678,0.602575,3.0326,-0.743465
14.18,0.0395416,0.605581,3.02979,-0.693941
14.19,0.0451881,0.60842,3.02702,0.0532499
14.2,0.0508058,0.611092,3.02429,-0.234018
14.21,0.0563934,0.613598,3.02159,0.149349
14.22,0.0619494,0.615937,3.01894,-0.444496
14.23,0.0674727,0.618109,3.01632,-0.0459905
14.24,0.0729617,0.620115,3.01374,-1.33401
14.25,0.0784153,0.621955,3.0112,-0.378208
14.26,0.0838321,0.623629,3.00869,-0.108706
14.27,0.0892108,0.625138,3.00623,0.369402
14.28,0.0945502,0.626482,3.0038,0.380443
14.29,0.0998491,0.627662,3.0014,-1.31456
14.3,0.105106,0.628677,2.99905,-0.944375
14.31,0.11032,0.629529,2.99673,-0.726878
14.32,0.11549,0.630217,2.99444,0.363456
14.33,0.120614,0.630742,2.99219,0.0641148
14.34,0.125692,0.631106,2.98998,0.268722
14.35,0.130722,0.631307,2.9878,-0.102728
14.36,0.135703,0.631348,2.98565,-0.137535
14.37,0.140635,0.631229,2.98354,-0.0776575
14.38,0.145515,0.63095,2.98146,-0.0931867
14.39,0.150343,0.630513,2.97941,-0.424454
14.4,0.155118,0.629917,2.9774,0.190353
14.41,0.159839,0.629164,2.97541,0.329329
14.42,0.164504,0.628255,2.97346,-2.33348
14.43,0.169113,0.62719,2.97153,0.180389
14.44,0.173665,0.625971,2.96964,0.235424
14.45,0.178159,0.624597,2.96777,-0.0909725
14.46,0.182594,0.623072,2.96593,-0.0406433
14.47,0.186968,0.621394,2.96411,0.0397996
14.48,0.191282,0.619566,2.96232,-1.52658
14.49,0.195534,0.617588,2.96056,-2.68817
14.5,0.199723,0.615461,2.95882,0.0415433
14.51,0.203848,0.613187,2.9571,-0.295045
14.52,0.207909,0.610767,2.9554,-1.55177
14.53,0.211905,0.608202,2.95373,-0.13005
14.54,0.215835,0.605493,2.95207,0.281703
14.55,0.219698,0.602641,2.95043,-1.34684
14.56,0.223494,0.599648,2.94882,-2.09466
14.57,0.227221,0.596515,2.94722,-0.524135
14.58,0.230879,0.593243,2.94563,0.00165747
14.59,0.234468,0.589834,2.94406,-0.243548
14.6,0.237986,0.586289,2.94251,0.00148999
14.61,0.241434,0.582609,2.94097,-0.0867914
14.62,0.24481,0.578796,2.93944,-0.0871937
14.63,0.248113,0.574851,2.93792,-1.93596
14.64,0.251344,0.570777,2.93642,-0.35672
14.65,0.254502,0.566574,2.93492,-0.157364
14.66,0.257585,0.562244,2.93343,-4.38629
14.67,0.260595,0.557788,2.93195,-2.75876
14.68,0.263529,0.553209,2.93047,-0.750697
14.69,0.266388,0.548507,2.929,-0.737319
14.7,0.269171,0.543685,2.92754,0.219136
14.71,0.271878,0.538744,2.92608,-1.23625
14.72,0.274509,0.533686,2.92462,-0.693439
14.73,0.277062,0.528512,2.92316,0.193566
14.74,0.279537,0.523225,2.9217,-0.0391523
14.75,0.281935,0.517827,2.92024,-0.0481195
14.76,0.284255,0.512318,2.91878,0.123678
14.77,0.286497,0.5067,2.91731,-0.0991934
14.78,0.288659,0.500977,2.91585,0.167372
14.79,0.290743,0.495149,2.91437,-0.0538059
14.8,0.292747,0.489219,2.9129,-0.288066
14.81,0.294672,0.483188,2.91141,-1.9623
14.82,0.296517,0.477058,2.90992,0.209867
14.83,0.298283,0.470831,2.90842,-0.0924019
14.84,0.299968,0.46451,2.90691,-0.241021
14.85,0.301574,0.458095,2.90539,0.0504245
14.86,0.303099,0.45159,2.90386,-0.276971
14.87,0.304543,0.444997,2.90232,-0.688478
14.88,0.305908,0.438316,2.90077,-0.140957
14.89,0.307192,0.431551,2.8992,-0.193468
14.9,0.308395,0.424703,2.89762,-1.30127
14.91,0.309518,0.417775,2.89603,-2.08038
14.92,0.31056,0.410768,2.89442,-0.0664069
14.93,0.311522,0.403685,2.89279,-1.14869
14.94,0.312403,0.396528,2.89114,-0.824497
14.95,0.313204,0.389299,2.88948,-0.0610433
14.96,0.313925,0.382,2.8878,-1.12319
14.97,0.314566,0.374633,2.88611,0.0853732
14.98,0.315127,0.3672,2.88439,-1.11578
14.99,0.315608,0.359705,2.88265,-1.69418
15,0.316009,0.352148,2.88089,-0.395952
15.01,0.31633,0.344532,2.87912,-0.372521
15.02,0.316573,0.336859,2.87732,-0.944154
15.03,0.316736,0.329131,2.87549,-3.18012
15.04,0.316821,0.321351,2.87365,-1.54867
15.05,0.316827,0.313521,2.87178,-0.327218
15.06,0.316755,0.305643,2.86989,-0.666023
15.07,0.316605,0.29772,2.86798,-1.2742
15.08,0.316377,0.289752,2.86604,-0.416812
15.09,0.316072,0.281744,2.86408,-0.163012
15.1,0.315691,0.273696,2.86209,-1.85785
15.11,0.315233,0.265611,2.86008,-1.75053
15.12,0.314698,0.257492,2.85805,-2.12448
15.13,0.314089,0.24934,2.85599,-0.933182
15.14,0.313404,0.241158,2.8539,0.139519
15.15,0.312644,0.232948,2.85179,-1.01722
15.16,0.31181,0.224712,2.84966,-0.939277
15.17,0.310902,0.216453,2.84749,-0.31334
15.18,0.309921,0.208172,2.84531,-1.34462
15.19,0.308867,0.199872,2.84309,-0.535606
15.2,0.307741,0.191555,2.84085,0.0936182
15.21,0.306544,0.183223,2.83859,-1.09885
15.22,0.305275,0.174879,2.8363,-0.109323
15.23,0.303936,0.166524,2.83399,-0.623351
15.24,0.302527,0.15816,2.83165,-0.135966
15.25,0.301049,0.149791,2.82928,-2.09622
15.26,0.299502,0.141417,2.82689,-0.692349
15.27,0.297887,0.133041,2.82447,-3.36531
15.28,0.296205,0.124665,2.82203,-1.50983
15.29,0.294457,0.116292,2.81957,0.177085
15.3,0.292642,0.107922,2.81708,0.259294
15.31,0.290763,0.0995594,2.81457,-0.551574
15.32,0.288819,0.0912049,2.81203,-0.200308
15.33,0.286811,0.0828607,2.80947,0.232271
15.34,0.28474,0.074529,2.80688,0.091964
15.35,0.282607,0.0662117,2.80428,0.122701
15.36,0.280412,0.0579108,2.80165,-0.474466
15.37,0.278157,0.0496283,2.799,0.0465329
15.38,0.275842,0.0413661,2.79633,0.0245297
15.39,0.273468,0.0331261,2.79364,0.122071
15.4,0.271035,0.0249103,2.79092,-0.608927
15.41,0.268545,0.0167205,2.78819,-0.197531
15.42,0.265999,0.00855863,2.78544,-0.623367
15.43,0.263397,0.000426491,2.78266,-1.15284
15.44,0.26074,-0.00767408,2.77987,-0.318158
15.45,0.258029,-0.0157413,2.77706,-0.0306712
15.46,0.255265,-0.0237733,2.77424,-0.709079
15.47,0.252449,-0.0317684,2.77139,-0.154042
15.48,0.249581,-0.0397249,2.76854,0.3265
15.49,0.246663,-0.0476409,2.76566,-0.959938
15.5,0.243695,-0.055515,2.76277,-0.0455339
15.51,0.240679,-0.0633452,2.75986,0.0807471
15.52,0.237615,-0.0711301,2.75694,0.339977
15.53,0.234504,-0.078868,2.75401,0.0771778
15.54,0.231348,-0.0865573,2.75107,0.103957
15.55,0.228146,-0.0941965,2.74811,-0.76887
15.56,0.224901,-0.101784,2.74514,-2.5913
15.57,0.221613,-0.109318,2.74216,-0.506073
15.58,0.218283,-0.116797,2.73917,0.0135901
15.59,0.214912,-0.124221,2.73617,-1.68217
15.6,0.211501,-0.131586,2.73317,-0.046446
15.61,0.20805,-0.138893,2.73015,-1.18238
15.62,0.204562,-0.146139,2.72713,-1.78021
15.63,0.201037,-0.153323,2.7241,0.249302
15.64,0.197475,-0.160444,2.72106,-0.0649931
15.65,0.193879,-0.1675,2.71802,-2.67327
15.66,0.190248,-0.174491,2.71498,-1.58783
15.67,0.186584,-0.181415,2.71193,-1.00881
15.68,0.182888,-0.18827,2.70888,-0.670623
15.69,0.179161,-0.195056,2.70582,-0.99247
15.7,0.175404,-0.201771,2.70277,-1.63356
15.71,0.171618,-0.208414,2.69971,-0.712894
15.72,0.167804,-0.214985,2.69665,0.197569
15.73,0.163963,-0.221481,2.6936,0.13501
15.74,0.160095,-0.227902,2.69054,-1.52913
15.75,0.156203,-0.234246,2.68749,-0.253024
15.76,0.152287,-0.240514,2.68443,-1.08653
15.77,0.148347,-0.246703,2.68138,-1.47193
15.78,0.144386,-0.252813,2.67834,-2.70689
15.79,0.140404,-0.258843,2.6753,0.0580077
15.8,0.136402,-0.264791,2.67226,-0.597123
15.81,0.13238,-0.270658,2.66923,0.146881
15.82,0.128341,-0.276442,2.66621,0.353324
15.83,0.124285,-0.282142,2.66319,0.0849359
15.84,0.120213,-0.287757,2.66018,-0.217695
15.85,0.116126,-0.293287,2.65718,0.0859422
15.86,0.112025,-0.298731,2.65418,0.373434
15.87,0.107911,-0.304088,2.6512,0.273282
15.88,0.103785,-0.309357,2.64823,0.298804
15.89,0.0996486,-0.314538,2.64526,-0.0276818
15.9,0.0955019,-0.31963,2.64231,-0.719249
15.91,0.0913463,-0.324633,2.63937,-1.52958
15.92,0.0871827,-0.329545,2.63644,-0.180154
15.93,0.083012,-0.334366,2.63352,-2.62926
15.94,0.0788354,-0.339096,2.63061,0.133668
15.95,0.0746537,-0.343734,2.62772,-0.704503
15.96,0.070468,-0.34828,2.62485,-0.195261
15.97,0.0662791,-0.352732,2.62198,-0.0167768
15.98,0.0620881,-0.357091,2.61913,-1.96296
15.99,0.0578958,-0.361356,2.6163,0.0843406
16,0.0537033,-0.365527,2.61348,-0.499315
16.01,0.0495115,-0.369603,2.61068,-0.135844
16.02,0.0453214,-0.373583,2.6079,-0.244576
16.03,0.0411338,-0.377469,2.60513,-0.977564
16.04,0.0369496,-0.381258,2.60238,-0.428008
16.05,0.0327699,-0.384951,2.59964,0.0477996
16.06,0.0285955,-0.388547,2.59692,-0.235549
16.07,0.0244274,-0.392047,2.59423,-0.708693
16.08,0.0202663,-0.39545,2.59154,-1.89634
16.09,0.0161133,-0.398756,2.58888,0.168392
16.1,0.0119692,-0.401964,2.58624,-0.885952
16.11,0.00783496,-0.405074,2.58361,-2.47494
16.12,0.00371136,-0.408086,2.58101,-1.58277
16.13,-0.000400702,-0.411001,2.57842,-0.765315
16.14,-0.00450036,-0.413817,2.57585,-0.186653
16.15,-0.00858676,-0.416535,2.57331,-1.05868
16.16,-0.0126591,-0.419155,2.57078,-1.09248
16.17,-0.0167164,-0.421677,2.56827,-0.564745
16.18,-0.020758,-0.4241,2.56578,0.0366224
16.19,-0.024783,-0.426424,2.56332,-1.59735
16.2,-0.0287905,-0.428651,2.56087,-0.689091
16.21,-0.0327799,-0.430778,2.55844,-1.4253
16.22,-0.0367502,-0.432807,2.55603,-0.640503
16.23,-0.0407008,-0.434738,2.55365,-1.93122
16.24,-0.0446307,-0.436571,2.55128,-0.474736
16.25,-0.0485393,-0.438305,2.54893,-0.38653
16.26,-0.0524258,-0.439941,2.54661,-0.0683389
16.27,-0.0562894,-0.44148,2.5443,-0.213275
16.28,-0.0601294,-0.44292,2.54202,-0.453001
16.29,-0.063945,-0.444263,2.53975,-0.833844
16.3,-0.0677355,-0.445508,2.53751,0.275191
16.31,-0.0715002,-0.446656,2.53528,-4.58945
16.32,-0.0752384,-0.447707,2.53307,-1.15644
16.33,-0.0789493,-0.448661,2.53089,-1.25885
16.34,-0.0826324,-0.449518,2.52872,0.259083
16.35,-0.0862868,-0.450279,2.52657,-0.590225
16.36,-0.089912,-0.450944,2.52444,0.236967
16.37,-0.0935072,-0.451514,2.52233,-0.0253755
16.38,-0.0970719,-0.451988,2.52024,-0.31815
16.39,-0.100605,-0.452366,2.51817,0.152457
16.4,-0.104107,-0.45265,2.51612,0.020868
16.41,-0.107576,-0.45284,2.51408,-2.45427
16.42,-0.111012,-0.452936,2.51206,-0.284052
16.43,-0.114414,-0.452938,2.51006,-0.181036
16.44,-0.117782,-0.452847,2.50808,0.150461
16.45,-0.121115,-0.452663,2.50611,0.0159092
16.46,-0.124413,-0.452387,2.50416,-1.73721
16.47,-0.127675,-0.452019,2.50223,0.216707
16.48,-0.1309,-0.45156,2.50031,-0.0980122
16.49,-0.134088,-0.45101,2.49841,-0.105033
16.5,-0.137238,-0.45037,2.49653,-5.8745
16.51,-0.14035,-0.449639,2.49465,0.21343
16.52,-0.143424,-0.44882,2.4928,0.0432909
16.53,-0.146458,-0.447912,2.49096,-0.116374
16.54,-0.149453,-0.446916,2.48913,-0.850886
16.55,-0.152407,-0.445832,2.48731,-0.0760452
16.56,-0.155321,-0.444662,2.48551,-0.63858
16.57,-0.158194,-0.443405,2.48372,0.18168
16.58,-0.161025,-0.442062,2.48195,-0.239724
16.59,-0.163814,-0.440635,2.48018,0.183929
16.6,-0.166561,-0.439123,2.47843,-1.38982
16.61,-0.169265,-0.437527,2.47669,-0.117392
16.62,-0.171926,-0.435848,2.47496,-0.380212
16.63,-0.174544,-0.434087,2.47324,-0.505203
16.64,-0.177117,-0.432245,2.47153,-0.917391
16.65,-0.179646,-0.430321,2.46983,-0.39306
16.66,-0.18213,-0.428318,2.46813,-1.60017
16.67,-0.18457,-0.426235,2.46645,-3.29133
16.68,-0.186964,-0.424073,2.46477,-1.24822
16.69,-0.189312,-0.421834,2.46311,-3.08416
16.7,-0.191614,-0.419517,2.46145,-0.371758
16.71,-0.19387,-0.417125,2.45979,-0.960577
16.72,-0.196079,-0.414657,2.45814,-0.260574
16.73,-0.198241,-0.412114,2.4565,-2.02576
16.74,-0.200356,-0.409497,2.45486,-0.194175
16.75,-0.202424,-0.406808,2.45323,-0.331596
16.76,-0.204444,-0.404047,2.4516,-3.96911
16.77,-0.206416,-0.401214,2.44998,-0.800063
16.78,-0.20834,-0.398311,2.44836,-0.904893
16.79,-0.210215,-0.395339,2.44674,-0.415658
16.8,-0.212042,-0.392298,2.44513,-1.14698
16.81,-0.21382,-0.38919,2.44352,-1.2179
16.82,-0.21555,-0.386014,2.44191,-0.433671
16.83,-0.21723,-0.382774,2.4403,-0.739402
16.84,-0.21886,-0.379468,2.43869,-0.778244
16.85,-0.220442,-0.376099,2.43708,-1.27908
16.86,-0.221973,-0.372667,2.43547,-3.88346
16.87,-0.223456,-0.369172,2.43386,-2.93498
16.88,-0.224888,-0.365617,2.43225,-1.37569
16.89,-0.22627,-0.362002,2.43064,-0.501718
16.9,-0.227602,-0.358328,2.42903,0.0957804
16.91,-0.228885,-0.354597,2.42742,-0.225389
16.92,-0.230117,-0.350808,2.4258,-0.120908
16.93,-0.231298,-0.346963,2.42418,-0.527601
16.94,-0.23243,-0.343064,2.42256,-1.40953
16.95,-0.233511,-0.33911,2.42093,-0.656526
